region,year,tourism_nights
AT11,2010.0,402394.0
AT12,2010.0,1465506.0
AT13,2010.0,8066047.0
AT21,2010.0,3908137.0
AT22,2010.0,2495875.0
AT31,2010.0,1875229.0
AT32,2010.0,11199184.0
AT33,2010.0,24709087.0
AT34,2010.0,4193328.0
BE10,2010.0,4242341.0
BE21,2010.0,1397748.0
BE22,2010.0,297761.0
BE23,2010.0,737126.0
BE24,2010.0,761525.0
BE25,2010.0,2053999.0
BE31,2010.0,213430.0
BE32,2010.0,362243.0
BE33,2010.0,494598.0
BE34,2010.0,155392.0
BE35,2010.0,138082.0
BG31,2010.0,47802.0
BG32,2010.0,89211.0
BG33,2010.0,3950026.0
BG34,2010.0,4787357.0
BG41,2010.0,1294866.0
BG42,2010.0,285412.0
CH01,2010.0,6035181.0
CH02,2010.0,3095376.0
CH03,2010.0,1208772.0
CH04,2010.0,3160699.0
CH05,2010.0,3657903.0
CH06,2010.0,2171151.0
CH07,2010.0,1087047.0
CY00,2010.0,12267921.0
CZ01,2010.0,10625799.0
CZ02,2010.0,318000.0
CZ03,2010.0,741812.0
CZ04,2010.0,2788592.0
CZ05,2010.0,1239305.0
CZ06,2010.0,660001.0
CZ07,2010.0,300114.0
CZ08,2010.0,207246.0
DE11,2010.0,1722864.0
DE12,2010.0,1818209.0
DE13,2010.0,2296665.0
DE14,2010.0,624063.0
DE21,2010.0,7423908.0
DE22,2010.0,448016.0
DE23,2010.0,460825.0
DE24,2010.0,288156.0
DE25,2010.0,1384805.0
DE26,2010.0,432625.0
DE27,2010.0,1241060.0
DE30,2010.0,6964453.0
DE40,2010.0,579318.0
DE50,2010.0,368855.0
DE60,2010.0,1800235.0
DE71,2010.0,4333735.0
DE72,2010.0,169101.0
DE73,2010.0,432280.0
DE80,2010.0,522936.0
DE91,2010.0,530640.0
DE92,2010.0,720288.0
DE93,2010.0,322953.0
DE94,2010.0,402749.0
DEA1,2010.0,2542091.0
DEA2,2010.0,2593372.0
DEA3,2010.0,445902.0
DEA4,2010.0,399003.0
DEA5,2010.0,1065637.0
DEB1,2010.0,1174834.0
DEB2,2010.0,795048.0
DEB3,2010.0,757561.0
DEC0,2010.0,173280.0
DED2,2010.0,793555.0
DED4,2010.0,180583.0
DED5,2010.0,436562.0
DEE0,2010.0,381519.0
DEF0,2010.0,889695.0
DEG0,2010.0,465092.0
DK01,2010.0,3423790.0
DK02,2010.0,97104.0
DK03,2010.0,513645.0
DK04,2010.0,381425.0
DK05,2010.0,458534.0
EE00,2010.0,3002781.0
EL30,2010.0,4233707.0
EL41,2010.0,995123.0
EL42,2010.0,14239334.0
EL43,2010.0,15107368.0
EL51,2010.0,573530.0
EL52,2010.0,4327859.0
EL53,2010.0,38338.0
EL54,2010.0,169516.0
EL61,2010.0,661664.0
EL62,2010.0,5924197.0
EL63,2010.0,643670.0
EL64,2010.0,499337.0
EL65,2010.0,829991.0
ES11,2010.0,1366174.0
ES12,2010.0,318404.0
ES13,2010.0,391909.0
ES21,2010.0,1369729.0
ES22,2010.0,279119.0
ES23,2010.0,134747.0
ES24,2010.0,646682.0
ES30,2010.0,9186660.0
ES41,2010.0,1220772.0
ES42,2010.0,527321.0
ES43,2010.0,267816.0
ES51,2010.0,29728843.0
ES52,2010.0,8605361.0
ES53,2010.0,42499551.0
ES61,2010.0,17200934.0
ES62,2010.0,471515.0
ES63,2010.0,35323.0
ES64,2010.0,16013.0
ES70,2010.0,39660316.0
EU28,2010.0,729182728.0
FI19,2010.0,473920.0
FI1B,2010.0,2056456.0
FI1C,2010.0,560748.0
FI1D,2010.0,1092513.0
FI20,2010.0,113278.0
FR10,2010.0,33809666.0
FR21,2010.0,831323.0
FR22,2010.0,549705.0
FR23,2010.0,535987.0
FR24,2010.0,1310478.0
FR25,2010.0,1045955.0
FR26,2010.0,1495310.0
FR30,2010.0,1430682.0
FR41,2010.0,791320.0
FR42,2010.0,2221451.0
FR43,2010.0,302906.0
FR51,2010.0,575948.0
FR52,2010.0,1074998.0
FR53,2010.0,475433.0
FR61,2010.0,1313415.0
FR62,2010.0,2889721.0
FR63,2010.0,140662.0
FR71,2010.0,4115323.0
FR72,2010.0,329074.0
FR81,2010.0,1466295.0
FR82,2010.0,7456180.0
FR83,2010.0,758176.0
FRA2,2010.0,161703.0
FRA3,2010.0,55738.0
FRA4,2010.0,91628.0
HR03,2010.0,16122519.0
HR04,2010.0,888975.0
HU10,2010.0,5156795.0
HU21,2010.0,340572.0
HU22,2010.0,1623835.0
HU23,2010.0,357419.0
HU31,2010.0,163586.0
HU32,2010.0,369733.0
HU33,2010.0,170660.0
IS00,2010.0,1620597.0
ITC1,2010.0,2542494.0
ITC2,2010.0,814726.0
ITC3,2010.0,3062890.0
ITC4,2010.0,13113214.0
ITF1,2010.0,601757.0
ITF2,2010.0,37282.0
ITF3,2010.0,5560617.0
ITF4,2010.0,1189457.0
ITF5,2010.0,126541.0
ITF6,2010.0,1208014.0
ITG1,2010.0,4596710.0
ITG2,2010.0,2812099.0
ITH1,2010.0,14591634.0
ITH2,2010.0,3868962.0
ITH3,2010.0,17218335.0
ITH4,2010.0,1733763.0
ITH5,2010.0,7042946.0
ITI1,2010.0,11403446.0
ITI2,2010.0,842853.0
ITI3,2010.0,959827.0
ITI4,2010.0,18223959.0
LI00,2010.0,111458.0
LT00,2010.0,1509883.0
LU00,2010.0,1163204.0
LV00,2010.0,1786870.0
MK00,2010.0,468822.0
MT00,2010.0,7065374.0
NL11,2010.0,135900.0
NL12,2010.0,265600.0
NL13,2010.0,75800.0
NL21,2010.0,211200.0
NL22,2010.0,408700.0
NL23,2010.0,54000.0
NL31,2010.0,519600.0
NL32,2010.0,9991600.0
NL33,2010.0,2158500.0
NL34,2010.0,701900.0
NL41,2010.0,1023100.0
NL42,2010.0,629000.0
NO01,2010.0,1556358.0
NO02,2010.0,495103.0
NO03,2010.0,659743.0
NO04,2010.0,385435.0
NO05,2010.0,1052534.0
NO06,2010.0,200456.0
NO07,2010.0,432087.0
PL11,2010.0,245051.0
PL12,2010.0,1551378.0
PL21,2010.0,1817344.0
PL22,2010.0,517157.0
PL31,2010.0,115648.0
PL32,2010.0,127422.0
PL33,2010.0,53801.0
PL34,2010.0,88361.0
PL41,2010.0,426769.0
PL42,2010.0,1016508.0
PL43,2010.0,199710.0
PL51,2010.0,821742.0
PL52,2010.0,65225.0
PL61,2010.0,152697.0
PL62,2010.0,309237.0
PL63,2010.0,521152.0
PT11,2010.0,1926704.0
PT15,2010.0,9415565.0
PT16,2010.0,1342164.0
PT17,2010.0,5996979.0
PT18,2010.0,274592.0
PT20,2010.0,526367.0
PT30,2010.0,4125836.0
RO11,2010.0,256040.0
RO12,2010.0,473038.0
RO21,2010.0,144735.0
RO22,2010.0,242436.0
RO31,2010.0,214132.0
RO32,2010.0,1067136.0
RO41,2010.0,39931.0
RO42,2010.0,247420.0
SE11,2010.0,2874929.0
SE12,2010.0,427024.0
SE21,2010.0,276267.0
SE22,2010.0,641099.0
SE23,2010.0,1293489.0
SE31,2010.0,315607.0
SE32,2010.0,199142.0
SE33,2010.0,335517.0
SI03,2010.0,1240847.0
SI04,2010.0,2474626.0
SK01,2010.0,762490.0
SK02,2010.0,815326.0
SK03,2010.0,758702.0
SK04,2010.0,706764.0
UKC1,2010.0,155213.0
UKC2,2010.0,458254.0
UKD1,2010.0,374160.0
UKD3,2010.0,1434767.0
UKD4,2010.0,294568.0
UKD6,2010.0,419435.0
UKD7,2010.0,710691.0
UKE1,2010.0,100848.0
UKE2,2010.0,481706.0
UKE3,2010.0,242213.0
UKE4,2010.0,389094.0
UKF1,2010.0,500189.0
UKF2,2010.0,448879.0
UKF3,2010.0,109398.0
UKG1,2010.0,558670.0
UKG2,2010.0,232326.0
UKG3,2010.0,1199491.0
UKH1,2010.0,1129236.0
UKH2,2010.0,565880.0
UKH3,2010.0,432233.0
UKI2,2010.0,0.0
UKJ1,2010.0,2121805.0
UKJ2,2010.0,1704366.0
UKJ3,2010.0,863976.0
UKJ4,2010.0,1066780.0
UKK1,2010.0,1283023.0
UKK2,2010.0,1354391.0
UKK3,2010.0,758235.0
UKK4,2010.0,866860.0
UKL1,2010.0,681707.0
UKL2,2010.0,745373.0
UKM2,2010.0,3718639.0
UKM3,2010.0,1149990.0
UKM5,2010.0,409939.0
UKM6,2010.0,1689770.0
UKN0,2010.0,291258.0
AT11,2011.0,1599403.0
AT12,2011.0,2939500.0
AT13,2011.0,1923315.0
AT21,2011.0,2897243.0
AT22,2011.0,4555491.0
AT31,2011.0,2342572.0
AT32,2011.0,3462041.0
AT33,2011.0,2805182.0
AT34,2011.0,654960.0
BE10,2011.0,1137945.0
BE21,2011.0,619052.0
BE22,2011.0,531384.0
BE23,2011.0,354977.0
BE24,2011.0,457292.0
BE25,2011.0,1889069.0
BE31,2011.0,173699.0
BE32,2011.0,183544.0
BE33,2011.0,495081.0
BE34,2011.0,445868.0
BE35,2011.0,241430.0
BG31,2011.0,345408.0
BG32,2011.0,416505.0
BG33,2011.0,1110689.0
BG34,2011.0,1210820.0
BG41,2011.0,1017675.0
BG42,2011.0,1065690.0
CH01,2011.0,3643724.0
CH02,2011.0,2991105.0
CH03,2011.0,808267.0
CH04,2011.0,1246713.0
CH05,2011.0,4106554.0
CH06,2011.0,1626286.0
CH07,2011.0,1356004.0
CY00,2011.0,1154820.0
CZ01,2011.0,1095358.0
CZ02,2011.0,850800.0
CZ03,2011.0,1446395.0
CZ04,2011.0,876897.0
CZ05,2011.0,2344909.0
CZ06,2011.0,1223675.0
CZ07,2011.0,1315118.0
CZ08,2011.0,699683.0
DE11,2011.0,6414407.0
DE12,2011.0,5649916.0
DE13,2011.0,6606516.0
DE14,2011.0,3495881.0
DE21,2011.0,17388631.0
DE22,2011.0,6547064.0
DE23,2011.0,2800457.0
DE24,2011.0,2727721.0
DE25,2011.0,3853655.0
DE26,2011.0,3212103.0
DE27,2011.0,6542906.0
DE30,2011.0,11195552.0
DE40,2011.0,5094799.0
DE50,2011.0,1377149.0
DE60,2011.0,7198476.0
DE71,2011.0,9109490.0
DE72,2011.0,1122841.0
DE73,2011.0,3513318.0
DE80,2011.0,11881778.0
DE91,2011.0,3389154.0
DE92,2011.0,3533432.0
DE93,2011.0,3332149.0
DE94,2011.0,5428897.0
DEA1,2011.0,6029908.0
DEA2,2011.0,6523046.0
DEA3,2011.0,2297990.0
DEA4,2011.0,2443403.0
DEA5,2011.0,3951386.0
DEB1,2011.0,3825835.0
DEB2,2011.0,1875866.0
DEB3,2011.0,3239108.0
DEC0,2011.0,925676.0
DED2,2011.0,5528919.0
DED4,2011.0,2584324.0
DED5,2011.0,2273038.0
DEE0,2011.0,4061124.0
DEF0,2011.0,7058187.0
DEG0,2011.0,5357846.0
DK01,2011.0,2682181.0
DK02,2011.0,406677.0
DK03,2011.0,1608873.0
DK04,2011.0,1139240.0
DK05,2011.0,664719.0
EE00,2011.0,1116761.0
ES11,2011.0,5868399.0
ES12,2011.0,2681933.0
ES13,2011.0,1970807.0
ES21,2011.0,3071520.0
ES22,2011.0,1229116.0
ES23,2011.0,800653.0
ES24,2011.0,3571026.0
ES30,2011.0,9715620.0
ES41,2011.0,5800680.0
ES42,2011.0,2819939.0
ES43,2011.0,1931848.0
ES51,2011.0,15280566.0
ES52,2011.0,15297243.0
ES53,2011.0,5946107.0
ES61,2011.0,22952383.0
ES62,2011.0,2185271.0
ES63,2011.0,127050.0
ES64,2011.0,116841.0
ES70,2011.0,10157323.0
EU28,2011.0,853830949.0
FI19,2011.0,2818130.0
FI1B,2011.0,2681938.0
FI1C,2011.0,2043577.0
FI1D,2011.0,4006042.0
FI20,2011.0,105784.0
FR10,2011.0,32973654.0
HR03,2011.0,1805317.0
HR04,2011.0,607178.0
HU21,2011.0,920994.0
HU22,2011.0,2096345.0
HU23,2011.0,829953.0
HU31,2011.0,946365.0
HU32,2011.0,865695.0
HU33,2011.0,553219.0
IS00,2011.0,413892.0
ITC1,2011.0,5628326.0
ITC2,2011.0,1380825.0
ITC3,2011.0,6310591.0
ITC4,2011.0,11781589.0
ITF1,2011.0,4287357.0
ITF2,2011.0,376326.0
ITF3,2011.0,8356547.0
ITF4,2011.0,6639563.0
ITF5,2011.0,1216867.0
ITF6,2011.0,5454641.0
ITG1,2011.0,6607908.0
ITG2,2011.0,5028708.0
ITH1,2011.0,8085138.0
ITH2,2011.0,7431004.0
ITH3,2011.0,11108537.0
ITH4,2011.0,1969630.0
ITH5,2011.0,23063275.0
ITI1,2011.0,10946678.0
ITI2,2011.0,2260147.0
ITI3,2011.0,4451673.0
ITI4,2011.0,7511495.0
LU00,2011.0,95442.0
LV00,2011.0,756915.0
ME00,2011.0,321127.0
MK00,2011.0,235792.0
MT00,2011.0,318812.0
NL11,2011.0,459600.0
NL12,2011.0,1129500.0
NL13,2011.0,590900.0
NL21,2011.0,939500.0
NL22,2011.0,2424300.0
NL23,2011.0,122400.0
NL31,2011.0,952700.0
NL32,2011.0,4173600.0
NL33,2011.0,2720300.0
NL34,2011.0,790600.0
NL41,2011.0,1485200.0
NL42,2011.0,2102000.0
NO01,2011.0,3469819.0
NO02,2011.0,1369413.0
NO03,2011.0,2291753.0
NO04,2011.0,1838255.0
NO05,2011.0,2473139.0
NO06,2011.0,1312259.0
NO07,2011.0,1549714.0
PL21,2011.0,2899668.0
PL22,2011.0,2008846.0
PL41,2011.0,1556973.0
PL42,2011.0,1246837.0
PL43,2011.0,563428.0
PL51,2011.0,2228777.0
PL52,2011.0,218411.0
PL61,2011.0,782371.0
PL62,2011.0,1133423.0
PL63,2011.0,1656913.0
PT11,2011.0,2462932.0
PT15,2011.0,3772268.0
PT16,2011.0,2492601.0
PT17,2011.0,2587844.0
PT18,2011.0,913753.0
PT20,2011.0,478685.0
PT30,2011.0,728472.0
RO11,2011.0,1761296.0
RO12,2011.0,2692258.0
RO21,2011.0,1327111.0
RO22,2011.0,3540486.0
RO31,2011.0,1340485.0
RO32,2011.0,969058.0
RO41,2011.0,1382713.0
RO42,2011.0,1371939.0
SE11,2011.0,5963808.0
SE12,2011.0,2603787.0
SE21,2011.0,1800541.0
SE22,2011.0,2658883.0
SE23,2011.0,4047220.0
SE31,2011.0,1905430.0
SE32,2011.0,1053692.0
SE33,2011.0,1424621.0
SI03,2011.0,1326039.0
SI04,2011.0,852632.0
SK01,2011.0,434468.0
SK02,2011.0,766184.0
SK03,2011.0,1491896.0
SK04,2011.0,1051828.0
UKC1,2011.0,947783.0
UKC2,2011.0,1271797.0
UKD1,2011.0,2824215.0
UKD3,2011.0,2321883.0
UKD4,2011.0,2721623.0
UKD6,2011.0,1078772.0
UKD7,2011.0,1633623.0
UKE1,2011.0,737995.0
UKE2,2011.0,3236207.0
UKE3,2011.0,683319.0
UKE4,2011.0,1602287.0
UKF1,2011.0,2302271.0
UKF2,2011.0,1346764.0
UKF3,2011.0,860103.0
UKG1,2011.0,1416222.0
UKG2,2011.0,1095025.0
UKG3,2011.0,2415084.0
UKH1,2011.0,3420417.0
UKH2,2011.0,917474.0
UKH3,2011.0,621303.0
UKJ1,2011.0,3447500.0
UKJ2,2011.0,3221250.0
UKJ3,2011.0,3079585.0
UKJ4,2011.0,1594188.0
UKK1,2011.0,3873969.0
UKK2,2011.0,3200029.0
UKK3,2011.0,3286905.0
UKK4,2011.0,2878039.0
UKL1,2011.0,3873293.0
UKL2,2011.0,1692965.0
UKM5,2011.0,1051155.0
UKM6,2011.0,2423484.0
UKN0,2011.0,1739653.0
FR21,2011.0,799209.0
FR22,2011.0,502788.0
FR23,2011.0,535491.0
FR24,2011.0,1307256.0
FR25,2011.0,1044398.0
FR26,2011.0,1467410.0
FR30,2011.0,1442025.0
FR41,2011.0,728610.0
FR42,2011.0,2383590.0
FR43,2011.0,290324.0
FR51,2011.0,588601.0
FR52,2011.0,1018486.0
FR53,2011.0,453496.0
FR61,2011.0,1359850.0
FR62,2011.0,2543608.0
FR63,2011.0,137530.0
FR71,2011.0,4388188.0
FR72,2011.0,338836.0
FR81,2011.0,1425064.0
FR82,2011.0,7957687.0
FR83,2011.0,725679.0
FRA2,2011.0,168849.0
FRA3,2011.0,72872.0
FRA4,2011.0,102033.0
HU10,2011.0,5600165.0
LT00,2011.0,1818031.0
PL11,2011.0,227762.0
PL12,2011.0,1660715.0
PL31,2011.0,131815.0
PL32,2011.0,127915.0
PL33,2011.0,54566.0
PL34,2011.0,113987.0
UKI1,2011.0,36758160.0
UKM2,2011.0,3667527.0
UKM3,2011.0,1052662.0
AT11,2012.0,405465.0
AT12,2012.0,1572197.0
AT13,2012.0,9157705.0
AT21,2012.0,4038236.0
AT22,2012.0,2576764.0
AT31,2012.0,2110560.0
AT32,2012.0,11751085.0
AT33,2012.0,25364258.0
AT34,2012.0,4383626.0
BE10,2012.0,4592817.0
BE21,2012.0,1511652.0
BE22,2012.0,259670.0
BE23,2012.0,796097.0
BE24,2012.0,917205.0
BE25,2012.0,2069677.0
BE31,2012.0,230451.0
BE32,2012.0,355509.0
BE33,2012.0,511197.0
BE34,2012.0,160622.0
BE35,2012.0,141516.0
BG31,2012.0,58910.0
BG32,2012.0,119138.0
BG33,2012.0,5168093.0
BG34,2012.0,5955533.0
BG41,2012.0,1456164.0
BG42,2012.0,393869.0
CH01,2012.0,5568270.0
CH02,2012.0,2944061.0
CH03,2012.0,1227330.0
CH04,2012.0,3329195.0
CH05,2012.0,2982336.0
CH06,2012.0,2043897.0
CH07,2012.0,956511.0
CY00,2012.0,13476337.0
CZ01,2012.0,12362350.0
CZ02,2012.0,443113.0
CZ03,2012.0,870639.0
CZ04,2012.0,3315776.0
CZ05,2012.0,1367623.0
CZ06,2012.0,870185.0
CZ07,2012.0,417585.0
CZ08,2012.0,289134.0
DE11,2012.0,2070078.0
DE12,2012.0,2093111.0
DE13,2012.0,2694012.0
DE14,2012.0,788595.0
DE21,2012.0,8413640.0
DE22,2012.0,502398.0
DE23,2012.0,503791.0
DE24,2012.0,308781.0
DE25,2012.0,1617814.0
DE26,2012.0,494646.0
DE27,2012.0,1510569.0
DE30,2012.0,8729239.0
DE40,2012.0,580600.0
DE50,2012.0,378943.0
DE60,2012.0,2234653.0
DE71,2012.0,4985736.0
DE72,2012.0,184484.0
DE73,2012.0,528044.0
DE80,2012.0,595458.0
DE91,2012.0,560484.0
DE92,2012.0,810934.0
DE93,2012.0,376392.0
DE94,2012.0,446869.0
DEA1,2012.0,2900106.0
DEA2,2012.0,2811287.0
DEA3,2012.0,408774.0
DEA4,2012.0,425117.0
DEA5,2012.0,1146528.0
DEB1,2012.0,1178675.0
DEB2,2012.0,769958.0
DEB3,2012.0,764783.0
DEC0,2012.0,191054.0
DED2,2012.0,905601.0
DED4,2012.0,235312.0
DED5,2012.0,446956.0
DEE0,2012.0,404310.0
DEF0,2012.0,1043114.0
DEG0,2012.0,488304.0
DK01,2012.0,4188393.0
DK02,2012.0,90047.0
DK03,2012.0,553161.0
DK04,2012.0,407062.0
DK05,2012.0,485139.0
EE00,2012.0,3498683.0
ES11,2012.0,1314542.0
ES12,2012.0,326142.0
ES13,2012.0,364667.0
ES21,2012.0,1649650.0
ES22,2012.0,325708.0
ES23,2012.0,133948.0
ES24,2012.0,659520.0
ES30,2012.0,9296048.0
ES41,2012.0,1212918.0
ES42,2012.0,495976.0
ES43,2012.0,257645.0
ES51,2012.0,34366971.0
ES52,2012.0,9648641.0
ES53,2012.0,49440982.0
ES61,2012.0,20087988.0
ES62,2012.0,482031.0
ES63,2012.0,37740.0
ES64,2012.0,22749.0
ES70,2012.0,48434435.0
EU28,2012.0,796931453.0
FI19,2012.0,496115.0
FI1B,2012.0,2293561.0
FI1C,2012.0,694410.0
FI1D,2012.0,1343784.0
FI20,2012.0,120576.0
FR10,2012.0,36253450.0
FR21,2012.0,727874.0
FR22,2012.0,499818.0
FR23,2012.0,580426.0
FR24,2012.0,1299067.0
FR25,2012.0,1045899.0
FR26,2012.0,1453206.0
FR30,2012.0,1421044.0
FR41,2012.0,752299.0
FR42,2012.0,2410970.0
FR43,2012.0,276635.0
FR51,2012.0,653898.0
FR52,2012.0,1012015.0
FR53,2012.0,457582.0
FR61,2012.0,1379237.0
FR62,2012.0,2546371.0
FR63,2012.0,127143.0
FR71,2012.0,4589762.0
FR72,2012.0,356090.0
FR81,2012.0,1431259.0
FR82,2012.0,8373008.0
FR83,2012.0,726235.0
FRA2,2012.0,141275.0
FRA3,2012.0,65459.0
FRA4,2012.0,98142.0
HR03,2012.0,17826272.0
HR04,2012.0,1053080.0
HU10,2012.0,6492709.0
HU21,2012.0,395013.0
HU22,2012.0,1880583.0
HU23,2012.0,346642.0
HU31,2012.0,207191.0
HU32,2012.0,361857.0
HU33,2012.0,254273.0
IS00,2012.0,2024321.0
ITC1,2012.0,3189377.0
ITC2,2012.0,924285.0
ITC3,2012.0,3364847.0
ITC4,2012.0,14929837.0
ITF1,2012.0,671980.0
ITF2,2012.0,29075.0
ITF3,2012.0,6644864.0
ITF4,2012.0,1577083.0
ITF5,2012.0,116354.0
ITF6,2012.0,1392243.0
ITG1,2012.0,5426114.0
ITG2,2012.0,3213241.0
ITH1,2012.0,15628587.0
ITH2,2012.0,4204910.0
ITH3,2012.0,19199000.0
ITH4,2012.0,1979150.0
ITH5,2012.0,7570965.0
ITI1,2012.0,12472185.0
ITI2,2012.0,914665.0
ITI3,2012.0,995259.0
ITI4,2012.0,18256322.0
LI00,2012.0,111345.0
LT00,2012.0,2001745.0
LU00,2012.0,1424273.0
LV00,2012.0,2143977.0
ME00,2012.0,2621342.0
MK00,2012.0,727246.0
MT00,2012.0,7344253.0
NL11,2012.0,169853.0
NL12,2012.0,244644.0
NL13,2012.0,81167.0
NL21,2012.0,256981.0
NL22,2012.0,520139.0
NL23,2012.0,48558.0
NL31,2012.0,534804.0
NL32,2012.0,10373696.0
NL33,2012.0,2271447.0
NL34,2012.0,673848.0
NL41,2012.0,998629.0
NL42,2012.0,760288.0
NO01,2012.0,1600543.0
NO02,2012.0,475799.0
NO03,2012.0,631996.0
NO04,2012.0,429366.0
NO05,2012.0,1141287.0
NO06,2012.0,226971.0
NO07,2012.0,544611.0
PL11,2012.0,258051.0
PL12,2012.0,1828853.0
PL21,2012.0,2074728.0
PL22,2012.0,497351.0
PL31,2012.0,139184.0
PL32,2012.0,122951.0
PL33,2012.0,51710.0
PL34,2012.0,153539.0
PL41,2012.0,448096.0
PL42,2012.0,1374749.0
PL43,2012.0,230990.0
PL51,2012.0,916530.0
PL52,2012.0,66949.0
PL61,2012.0,175855.0
PL62,2012.0,329961.0
PL63,2012.0,755053.0
PT11,2012.0,2168614.0
PT15,2012.0,10808065.0
PT16,2012.0,1479556.0
PT17,2012.0,6964914.0
PT18,2012.0,354561.0
PT20,2012.0,545204.0
PT30,2012.0,4935666.0
RO11,2012.0,272480.0
RO12,2012.0,483003.0
RO21,2012.0,165187.0
RO22,2012.0,249706.0
RO31,2012.0,222270.0
RO32,2012.0,1220654.0
RO41,2012.0,90991.0
RO42,2012.0,297191.0
SE11,2012.0,3024660.0
SE12,2012.0,421797.0
SE21,2012.0,287887.0
SE22,2012.0,685294.0
SE23,2012.0,1280991.0
SE31,2012.0,321653.0
SE32,2012.0,229350.0
SE33,2012.0,398813.0
SI03,2012.0,1456726.0
SI04,2012.0,2693316.0
SK01,2012.0,935191.0
SK02,2012.0,834241.0
SK03,2012.0,807684.0
SK04,2012.0,752457.0
UKC1,2012.0,152670.0
UKC2,2012.0,481753.0
UKD1,2012.0,447667.0
UKD3,2012.0,1428075.0
UKD4,2012.0,315934.0
UKD6,2012.0,329728.0
UKD7,2012.0,978901.0
UKE1,2012.0,125447.0
UKE2,2012.0,509783.0
UKE3,2012.0,336738.0
UKE4,2012.0,458059.0
UKF1,2012.0,568889.0
UKF2,2012.0,398665.0
UKF3,2012.0,121497.0
UKG1,2012.0,504283.0
UKG2,2012.0,329062.0
UKG3,2012.0,1159455.0
UKH1,2012.0,1027607.0
UKH2,2012.0,508083.0
UKH3,2012.0,314299.0
UKI1,2012.0,27446162.0
UKI2,2012.0,10151320.0
UKJ1,2012.0,2290114.0
UKJ2,2012.0,1679750.0
UKJ3,2012.0,868343.0
UKJ4,2012.0,852847.0
UKK1,2012.0,1135870.0
UKK2,2012.0,971507.0
UKK3,2012.0,602099.0
UKK4,2012.0,512304.0
UKL1,2012.0,511358.0
UKL2,2012.0,698447.0
UKM2,2012.0,3602376.0
UKM3,2012.0,1110064.0
UKM5,2012.0,755252.0
UKM6,2012.0,1359808.0
UKN0,2012.0,224943.0
AT11,2013.0,1576460.0
AT12,2013.0,2825366.0
AT13,2013.0,2142709.0
AT21,2013.0,2832333.0
AT22,2013.0,4723473.0
AT31,2013.0,2369504.0
AT32,2013.0,3589979.0
AT33,2013.0,2885356.0
AT34,2013.0,689772.0
BE10,2013.0,1163196.0
BE21,2013.0,660044.0
BE22,2013.0,428487.0
BE23,2013.0,344458.0
BE24,2013.0,518368.0
BE25,2013.0,1846813.0
BE31,2013.0,162338.0
BE32,2013.0,204495.0
BE33,2013.0,531512.0
BE34,2013.0,428687.0
BE35,2013.0,237018.0
BG31,2013.0,407071.0
BG32,2013.0,411271.0
BG33,2013.0,1139969.0
BG34,2013.0,1325036.0
BG41,2013.0,1349876.0
BG42,2013.0,1293626.0
CH01,2013.0,3657282.0
CH02,2013.0,2972115.0
CH03,2013.0,817496.0
CH04,2013.0,1275170.0
CH05,2013.0,4124679.0
CH06,2013.0,1626617.0
CH07,2013.0,1441051.0
CY00,2013.0,880959.0
CZ01,2013.0,1309506.0
CZ02,2013.0,977386.0
CZ03,2013.0,1690613.0
CZ04,2013.0,1077034.0
CZ05,2013.0,2718985.0
CZ06,2013.0,1656384.0
CZ07,2013.0,1573679.0
CZ08,2013.0,821240.0
DE11,2013.0,6806907.0
DE12,2013.0,5730901.0
DE13,2013.0,6589912.0
DE14,2013.0,3668055.0
DE21,2013.0,18063305.0
DE22,2013.0,6511300.0
DE23,2013.0,2866770.0
DE24,2013.0,2737216.0
DE25,2013.0,3939970.0
DE26,2013.0,3311654.0
DE27,2013.0,6785534.0
DE30,2013.0,13147365.0
DE40,2013.0,5271884.0
DE50,2013.0,1446549.0
DE60,2013.0,8138845.0
DE71,2013.0,9694783.0
DE72,2013.0,1156735.0
DE73,2013.0,3708832.0
DE80,2013.0,12193636.0
DE91,2013.0,3412223.0
DE92,2013.0,3578603.0
DE93,2013.0,3343476.0
DE94,2013.0,5444264.0
DEA1,2013.0,6256214.0
DEA2,2013.0,6536079.0
DEA3,2013.0,2294656.0
DEA4,2013.0,2455696.0
DEA5,2013.0,3946055.0
DEB1,2013.0,3641492.0
DEB2,2013.0,1795983.0
DEB3,2013.0,3289095.0
DEC0,2013.0,943625.0
DED2,2013.0,5666297.0
DED4,2013.0,2599933.0
DED5,2013.0,2692142.0
DEE0,2013.0,4080543.0
DEF0,2013.0,7358741.0
DEG0,2013.0,5393500.0
DK01,2013.0,2800679.0
DK02,2013.0,462454.0
DK03,2013.0,1699513.0
DK04,2013.0,1209631.0
DK05,2013.0,699314.0
EE00,2013.0,1220369.0
EL30,2013.0,2198984.0
EL41,2013.0,345148.0
EL42,2013.0,1127643.0
EL43,2013.0,924624.0
EL51,2013.0,844519.0
EL52,2013.0,1990614.0
EL53,2013.0,271500.0
EL54,2013.0,620646.0
EL61,2013.0,1034651.0
EL62,2013.0,655934.0
EL63,2013.0,825897.0
EL64,2013.0,804143.0
EL65,2013.0,1362969.0
ES11,2013.0,5344171.0
ES12,2013.0,2489118.0
ES13,2013.0,1919389.0
ES21,2013.0,2789622.0
ES22,2013.0,1175342.0
ES23,2013.0,741809.0
ES24,2013.0,3331255.0
ES30,2013.0,8801950.0
ES41,2013.0,5287582.0
ES42,2013.0,2450184.0
ES43,2013.0,1719852.0
ES51,2013.0,13075174.0
ES52,2013.0,14502973.0
ES53,2013.0,4516188.0
ES61,2013.0,21766780.0
ES62,2013.0,2118348.0
ES63,2013.0,113551.0
ES64,2013.0,101808.0
ES70,2013.0,8388830.0
FI19,2013.0,2846648.0
FI1B,2013.0,2612070.0
FI1C,2013.0,1961098.0
FI1D,2013.0,3928023.0
FI20,2013.0,107442.0
FR10,2013.0,28635205.0
HR03,2013.0,1664122.0
HU21,2013.0,995641.0
HU22,2013.0,2095378.0
HU23,2013.0,1257996.0
HU31,2013.0,1216385.0
HU32,2013.0,995229.0
HU33,2013.0,637596.0
IS00,2013.0,487230.0
ITC1,2013.0,5168165.0
ITC2,2013.0,1244282.0
ITC3,2013.0,5467523.0
ITC4,2013.0,11400448.0
ITF1,2013.0,3964853.0
ITF2,2013.0,239784.0
ITF3,2013.0,7561833.0
ITF4,2013.0,6434197.0
ITF5,2013.0,1229712.0
ITF6,2013.0,4976336.0
ITG1,2013.0,5927410.0
ITG2,2013.0,4315949.0
ITH1,2013.0,7257887.0
ITH2,2013.0,7024470.0
ITH3,2013.0,9946125.0
ITH4,2013.0,1808017.0
ITH5,2013.0,20938058.0
ITI1,2013.0,9818400.0
ITI2,2013.0,2027878.0
ITI3,2013.0,4166238.0
ITI4,2013.0,7511495.0
LI00,2013.0,1664.0
LU00,2013.0,156506.0
LV00,2013.0,659799.0
MK00,2013.0,240782.0
MT00,2013.0,325025.0
NL11,2013.0,428361.0
NL12,2013.0,1245732.0
NL13,2013.0,820404.0
NL21,2013.0,1116220.0
NL22,2013.0,2246806.0
NL23,2013.0,174619.0
NL31,2013.0,1046733.0
NL32,2013.0,4776288.0
NL33,2013.0,2818006.0
NL34,2013.0,711942.0
NL41,2013.0,1589476.0
NL42,2013.0,2064395.0
NO02,2013.0,1321624.0
NO06,2013.0,1427318.0
NO07,2013.0,1559692.0
PL21,2013.0,3155504.0
PL22,2013.0,2066502.0
PL41,2013.0,1472331.0
PL42,2013.0,1737402.0
PL43,2013.0,485367.0
PL51,2013.0,2448678.0
PL52,2013.0,221707.0
PL61,2013.0,797770.0
PL62,2013.0,1313731.0
PL63,2013.0,1951711.0
PT11,2013.0,2500870.0
PT15,2013.0,3460834.0
PT16,2013.0,2341645.0
PT17,2013.0,2534984.0
PT18,2013.0,856725.0
PT20,2013.0,374633.0
PT30,2013.0,612838.0
RO11,2013.0,1519235.0
RO12,2013.0,2499145.0
RO21,2013.0,1032252.0
RO22,2013.0,3592877.0
RO31,2013.0,1186420.0
RO32,2013.0,1039844.0
RO41,2013.0,1291464.0
RO42,2013.0,1208593.0
SE11,2013.0,6418712.0
SE12,2013.0,2598008.0
SE21,2013.0,1890164.0
SE22,2013.0,2716821.0
SE23,2013.0,4372377.0
SE31,2013.0,1979272.0
SE32,2013.0,1181098.0
SE33,2013.0,1401363.0
SI03,2013.0,1202586.0
SI04,2013.0,770085.0
SK01,2013.0,495082.0
SK02,2013.0,859142.0
SK03,2013.0,1596367.0
SK04,2013.0,1200711.0
TR10,2013.0,3132481.0
TR21,2013.0,353239.0
TR22,2013.0,1200767.0
TR31,2013.0,2111887.0
TR32,2013.0,4228641.0
TR33,2013.0,1195798.0
TR41,2013.0,1174425.0
TR42,2013.0,1247531.0
TR51,2013.0,1983903.0
TR52,2013.0,500379.0
TR61,2013.0,8842565.0
TR62,2013.0,1067507.0
TR63,2013.0,471945.0
TR71,2013.0,755878.0
TR72,2013.0,479376.0
TR81,2013.0,263941.0
TR82,2013.0,193806.0
TR83,2013.0,468537.0
TR90,2013.0,805027.0
TRA1,2013.0,285842.0
TRA2,2013.0,211389.0
TRB1,2013.0,313429.0
TRB2,2013.0,240484.0
TRC1,2013.0,555343.0
TRC2,2013.0,529788.0
TRC3,2013.0,471503.0
UKC1,2013.0,824000.0
UKC2,2013.0,2285000.0
UKD1,2013.0,2720000.0
UKD3,2013.0,3084000.0
UKD4,2013.0,3341000.0
UKD6,2013.0,1433000.0
UKD7,2013.0,1947000.0
UKE1,2013.0,554000.0
UKE2,2013.0,4352000.0
UKE3,2013.0,1106000.0
UKE4,2013.0,2476000.0
UKF1,2013.0,2324000.0
UKF2,2013.0,1215000.0
UKF3,2013.0,890000.0
UKG1,2013.0,2106000.0
UKG2,2013.0,1720000.0
UKG3,2013.0,2878000.0
UKH1,2013.0,2954000.0
UKH2,2013.0,1062000.0
UKH3,2013.0,1127000.0
UKJ1,2013.0,3234000.0
UKJ2,2013.0,3891000.0
UKJ3,2013.0,3648000.0
UKJ4,2013.0,2076000.0
UKK1,2013.0,4562000.0
UKK2,2013.0,4002000.0
UKK3,2013.0,3107000.0
UKK4,2013.0,3883000.0
UKL1,2013.0,4518000.0
UKL2,2013.0,2224000.0
UKM5,2013.0,1687000.0
UKM6,2013.0,3836000.0
UKN0,2013.0,2113000.0
FR21,2013.0,805373.0
FR22,2013.0,508646.0
FR23,2013.0,590089.0
FR24,2013.0,1351923.0
FR25,2013.0,1191972.0
FR26,2013.0,1457599.0
FR30,2013.0,1511272.0
FR41,2013.0,801944.0
FR42,2013.0,2690627.0
FR43,2013.0,315289.0
FR51,2013.0,664079.0
FR52,2013.0,1072375.0
FR53,2013.0,520617.0
FR61,2013.0,1495221.0
FR62,2013.0,2408841.0
FR63,2013.0,150858.0
FR71,2013.0,5158242.0
FR72,2013.0,345819.0
FR81,2013.0,1588393.0
FR82,2013.0,8816499.0
FR83,2013.0,804759.0
FRA2,2013.0,177723.0
FRA3,2013.0,49952.0
FRA4,2013.0,122619.0
HR04,2013.0,1198201.0
HU10,2013.0,6794571.0
IE01,2013.0,2075336.0
IE02,2013.0,6583488.0
LT00,2013.0,2169087.0
NO01,2013.0,1791899.0
NO03,2013.0,518595.0
NO04,2013.0,451074.0
NO05,2013.0,1126034.0
PL11,2013.0,242834.0
PL12,2013.0,1954029.0
PL31,2013.0,157865.0
PL32,2013.0,136248.0
PL33,2013.0,50481.0
PL34,2013.0,177607.0
UKI1,2013.0,31602084.0
UKI2,2013.0,11688442.0
UKM2,2013.0,4491622.0
UKM3,2013.0,1362414.0
AT11,2014.0,1606554.0
AT12,2014.0,2897254.0
AT13,2014.0,2284780.0
AT21,2014.0,2749729.0
AT22,2014.0,4588315.0
AT31,2014.0,2354282.0
AT32,2014.0,3481395.0
AT33,2014.0,2832907.0
AT34,2014.0,686338.0
BG31,2014.0,359308.0
BG32,2014.0,419679.0
BG33,2014.0,1108336.0
BG34,2014.0,1415901.0
BG41,2014.0,1497107.0
BG42,2014.0,1418863.0
CH01,2014.0,3744591.0
CH02,2014.0,2927900.0
CH03,2014.0,867746.0
CH04,2014.0,1288963.0
CH05,2014.0,4147096.0
CH06,2014.0,1674376.0
CH07,2014.0,1400234.0
CY00,2014.0,816655.0
CZ01,2014.0,1132566.0
CZ02,2014.0,969293.0
CZ03,2014.0,1706104.0
CZ04,2014.0,1100237.0
CZ05,2014.0,2570402.0
CZ06,2014.0,1779880.0
CZ07,2014.0,1631346.0
CZ08,2014.0,826035.0
DE11,2014.0,7242899.0
DE12,2014.0,5894193.0
DE13,2014.0,6693515.0
DE14,2014.0,3758669.0
DE21,2014.0,18231379.0
DE22,2014.0,6422194.0
DE23,2014.0,2923397.0
DE24,2014.0,2672773.0
DE25,2014.0,3998630.0
DE26,2014.0,3363841.0
DE27,2014.0,6690636.0
DE30,2014.0,13730796.0
DE40,2014.0,5430854.0
DE50,2014.0,1557441.0
DE60,2014.0,8190808.0
DE71,2014.0,10152353.0
DE72,2014.0,1189867.0
DE73,2014.0,3869275.0
DE80,2014.0,12605170.0
DE91,2014.0,3449947.0
DE92,2014.0,3588671.0
DE93,2014.0,3321791.0
DE94,2014.0,5613759.0
DEA1,2014.0,6454070.0
DEA2,2014.0,7287349.0
DEA3,2014.0,2350393.0
DEA4,2014.0,2464906.0
DEA5,2014.0,3996564.0
DEB1,2014.0,3697090.0
DEB2,2014.0,1804477.0
DEB3,2014.0,3325512.0
DEC0,2014.0,967901.0
DED2,2014.0,5973986.0
DED4,2014.0,2631358.0
DED5,2014.0,2781003.0
DEE0,2014.0,4230317.0
DEF0,2014.0,7815905.0
DEG0,2014.0,5472755.0
DK01,2014.0,2970993.0
DK02,2014.0,493995.0
DK03,2014.0,1807608.0
DK04,2014.0,1267588.0
DK05,2014.0,758707.0
EE00,2014.0,1290216.0
EL30,2014.0,2312159.0
EL41,2014.0,360229.0
EL42,2014.0,1124949.0
EL43,2014.0,906299.0
EL51,2014.0,771913.0
EL52,2014.0,2074872.0
EL53,2014.0,264417.0
EL54,2014.0,663329.0
EL61,2014.0,1033333.0
EL62,2014.0,571291.0
EL63,2014.0,830314.0
EL64,2014.0,784241.0
EL65,2014.0,1352322.0
ES11,2014.0,5510099.0
ES12,2014.0,2551975.0
ES13,2014.0,1974718.0
ES21,2014.0,2927399.0
ES22,2014.0,1263817.0
ES23,2014.0,778761.0
ES24,2014.0,3429432.0
ES30,2014.0,9948189.0
ES41,2014.0,5386096.0
ES42,2014.0,2660075.0
ES43,2014.0,1761854.0
ES51,2014.0,14160713.0
ES52,2014.0,14605171.0
ES53,2014.0,4370111.0
ES61,2014.0,22821506.0
ES62,2014.0,2089341.0
ES63,2014.0,122323.0
ES64,2014.0,136380.0
ES70,2014.0,8231928.0
EU25,2014.0,853746079.0
EU28,2014.0,875890472.0
FI19,2014.0,2706230.0
FI1B,2014.0,2604320.0
FI1C,2014.0,1915972.0
FI1D,2014.0,3843286.0
FI20,2014.0,100882.0
FR10,2014.0,28425261.0
HR03,2014.0,1591629.0
HU21,2014.0,1069548.0
HU22,2014.0,2189703.0
HU23,2014.0,1427443.0
HU31,2014.0,1365672.0
HU32,2014.0,1066640.0
HU33,2014.0,805590.0
IS00,2014.0,499907.0
ITC1,2014.0,5297673.0
ITC2,2014.0,1199993.0
ITC3,2014.0,5436563.0
ITC4,2014.0,11243387.0
ITF1,2014.0,3473019.0
ITF2,2014.0,254045.0
ITF3,2014.0,7827137.0
ITF4,2014.0,6419827.0
ITF5,2014.0,1284316.0
ITF6,2014.0,4829350.0
ITG1,2014.0,6116845.0
ITG2,2014.0,4359215.0
ITH1,2014.0,6775736.0
ITH2,2014.0,6761922.0
ITH3,2014.0,10147517.0
ITH4,2014.0,1717166.0
ITH5,2014.0,20530677.0
ITI1,2014.0,10106754.0
ITI2,2014.0,2098079.0
ITI3,2014.0,4208081.0
ITI4,2014.0,7480393.0
LI00,2014.0,978.0
LU00,2014.0,160508.0
LV00,2014.0,777895.0
MK00,2014.0,257107.0
MT00,2014.0,350228.0
NL11,2014.0,461158.0
NL12,2014.0,1305437.0
NL13,2014.0,751411.0
NL21,2014.0,969709.0
NL22,2014.0,2290846.0
NL23,2014.0,173046.0
NL31,2014.0,1073368.0
NL32,2014.0,5031477.0
NL33,2014.0,3032583.0
NL34,2014.0,807203.0
NL41,2014.0,1660055.0
NL42,2014.0,2123609.0
NO02,2014.0,1344916.0
NO06,2014.0,1470603.0
NO07,2014.0,1685176.0
PL21,2014.0,3452971.0
PL22,2014.0,2258100.0
PL41,2014.0,1702241.0
PL42,2014.0,1807840.0
PL43,2014.0,477026.0
PL51,2014.0,2753978.0
PL52,2014.0,259397.0
PL61,2014.0,922828.0
PL62,2014.0,1408257.0
PL63,2014.0,2195330.0
PT11,2014.0,2771697.0
PT15,2014.0,4082545.0
PT16,2014.0,2562054.0
PT17,2014.0,2952173.0
PT18,2014.0,958494.0
PT20,2014.0,397717.0
PT30,2014.0,675513.0
RO11,2014.0,1646582.0
RO12,2014.0,2558411.0
RO21,2014.0,1085314.0
RO22,2014.0,3713944.0
RO31,2014.0,1177542.0
RO32,2014.0,1105597.0
RO41,2014.0,1278419.0
RO42,2014.0,1247252.0
SE11,2014.0,6827166.0
SE12,2014.0,2699644.0
SE21,2014.0,1989987.0
SE22,2014.0,2849904.0
SE23,2014.0,4573988.0
SE31,2014.0,1993478.0
SE32,2014.0,1203911.0
SE33,2014.0,1514104.0
SI03,2014.0,1195684.0
SI04,2014.0,749505.0
SK01,2014.0,467021.0
SK02,2014.0,905068.0
SK03,2014.0,1571807.0
SK04,2014.0,1193672.0
TR10,2014.0,3341523.0
TR21,2014.0,435132.0
TR22,2014.0,1248277.0
TR31,2014.0,1904265.0
TR32,2014.0,4325033.0
TR33,2014.0,1205123.0
TR41,2014.0,1085716.0
TR42,2014.0,1186761.0
TR51,2014.0,1850590.0
TR52,2014.0,564064.0
TR61,2014.0,7759602.0
TR62,2014.0,1103334.0
TR63,2014.0,522310.0
TR71,2014.0,762753.0
TR72,2014.0,538969.0
TR81,2014.0,295424.0
TR82,2014.0,209141.0
TR83,2014.0,575674.0
TR90,2014.0,843013.0
TRA1,2014.0,300927.0
TRA2,2014.0,169432.0
TRB1,2014.0,322892.0
TRB2,2014.0,279259.0
TRC1,2014.0,516914.0
TRC2,2014.0,563726.0
TRC3,2014.0,487508.0
FR21,2014.0,844215.0
FR22,2014.0,523479.0
FR23,2014.0,602237.0
FR24,2014.0,1332348.0
FR25,2014.0,1341303.0
FR26,2014.0,1651413.0
FR30,2014.0,1689784.0
FR41,2014.0,776161.0
FR42,2014.0,2778531.0
FR43,2014.0,323476.0
FR51,2014.0,644122.0
FR52,2014.0,1156311.0
FR53,2014.0,532176.0
FR61,2014.0,1659315.0
FR62,2014.0,2449550.0
FR63,2014.0,146532.0
FR71,2014.0,4772011.0
FR72,2014.0,371555.0
FR81,2014.0,1508326.0
FR82,2014.0,8721522.0
FR83,2014.0,802921.0
FRA1,2014.0,126819.0
FRA2,2014.0,268044.0
FRA3,2014.0,83542.0
FRA4,2014.0,133544.0
FRA5,2014.0,0.0
HR04,2014.0,1290197.0
HU10,2014.0,7025279.0
IE01,2014.0,2120596.0
IE02,2014.0,6547607.0
LT00,2014.0,2251173.0
NO01,2014.0,2013302.0
NO03,2014.0,506593.0
NO04,2014.0,474241.0
NO05,2014.0,1264480.0
PL11,2014.0,286261.0
PL12,2014.0,1971016.0
PL31,2014.0,145658.0
PL32,2014.0,153729.0
PL33,2014.0,49974.0
PL34,2014.0,176520.0
BE10,2014.0,6290243.0
BE21,2014.0,2158018.0
BE22,2014.0,647449.0
BE23,2014.0,1180932.0
BE24,2014.0,1533470.0
BE25,2014.0,4159678.0
BE31,2014.0,411529.0
BE32,2014.0,607007.0
BE33,2014.0,1040545.0
BE34,2014.0,592694.0
BE35,2014.0,386381.0
AT11,2015.0,1570521.0
AT12,2015.0,2902921.0
AT13,2015.0,2425667.0
AT21,2015.0,2805389.0
AT22,2015.0,4670195.0
AT31,2015.0,2432095.0
AT32,2015.0,3525951.0
AT33,2015.0,2892648.0
AT34,2015.0,713394.0
BE10,2015.0,1181608.0
BE21,2015.0,805574.0
BE22,2015.0,448573.0
BE23,2015.0,421228.0
BE24,2015.0,571068.0
BE25,2015.0,2013098.0
BE31,2015.0,191223.0
BE32,2015.0,281176.0
BE33,2015.0,518482.0
BE34,2015.0,366144.0
BE35,2015.0,249673.0
BG31,2015.0,369139.0
BG32,2015.0,448379.0
BG33,2015.0,1162564.0
BG34,2015.0,1553068.0
BG41,2015.0,1541938.0
BG42,2015.0,1484333.0
CH01,2015.0,3823922.0
CH02,2015.0,2875344.0
CH03,2015.0,899983.0
CH04,2015.0,1392273.0
CH05,2015.0,4037401.0
CH06,2015.0,1696286.0
CH07,2015.0,1351009.0
CY00,2015.0,823689.0
CZ01,2015.0,1292166.0
CZ02,2015.0,1062206.0
CZ03,2015.0,1959704.0
CZ04,2015.0,1377367.0
CZ05,2015.0,3030641.0
CZ06,2015.0,1897104.0
CZ07,2015.0,1791371.0
CZ08,2015.0,879617.0
DE11,2015.0,7359466.0
DE12,2015.0,6123268.0
DE13,2015.0,6919449.0
DE14,2015.0,3847619.0
DE21,2015.0,18814569.0
DE22,2015.0,6424385.0
DE23,2015.0,2962367.0
DE24,2015.0,2765737.0
DE25,2015.0,4159268.0
DE26,2015.0,3539658.0
DE27,2015.0,6933897.0
DE30,2015.0,14120409.0
DE40,2015.0,5677702.0
DE50,2015.0,1612562.0
DE60,2015.0,8622365.0
DE71,2015.0,10577833.0
DE72,2015.0,1192900.0
DE73,2015.0,3938886.0
DE80,2015.0,12664643.0
DE91,2015.0,3584111.0
DE92,2015.0,3757283.0
DE93,2015.0,3400351.0
DE94,2015.0,5679549.0
DEA1,2015.0,6504416.0
DEA2,2015.0,7432280.0
DEA3,2015.0,2434659.0
DEA4,2015.0,2521531.0
DEA5,2015.0,4133812.0
DEB1,2015.0,3859724.0
DEB2,2015.0,1887616.0
DEB3,2015.0,3431730.0
DEC0,2015.0,992115.0
DED2,2015.0,5754496.0
DED4,2015.0,2613411.0
DED5,2015.0,2836442.0
DEE0,2015.0,4287901.0
DEF0,2015.0,8219337.0
DEG0,2015.0,5539676.0
DK01,2015.0,3352533.0
DK02,2015.0,545388.0
DK03,2015.0,1884724.0
DK04,2015.0,1358753.0
DK05,2015.0,773584.0
EA19,2015.0,699042841.0
EE00,2015.0,1379100.0
EL30,2015.0,2332643.0
EL41,2015.0,343160.0
EL42,2015.0,1071872.0
EL43,2015.0,937888.0
EL51,2015.0,738585.0
EL52,2015.0,2285342.0
EL53,2015.0,254146.0
EL54,2015.0,610290.0
EL61,2015.0,1016117.0
EL62,2015.0,594684.0
EL63,2015.0,873160.0
EL64,2015.0,787409.0
EL65,2015.0,1355977.0
ES11,2015.0,5868298.0
ES12,2015.0,2867346.0
ES13,2015.0,2060268.0
ES21,2015.0,3209970.0
ES22,2015.0,1287895.0
ES23,2015.0,826388.0
ES24,2015.0,3721370.0
ES30,2015.0,10651266.0
ES41,2015.0,5907550.0
ES42,2015.0,2730082.0
ES43,2015.0,1859182.0
ES51,2015.0,15702545.0
ES52,2015.0,15190004.0
ES53,2015.0,4772064.0
ES61,2015.0,23483467.0
ES62,2015.0,2076669.0
ES63,2015.0,114718.0
ES64,2015.0,122609.0
ES70,2015.0,7803215.0
EU25,2015.0,879464211.0
EU28,2015.0,903977883.0
FI19,2015.0,2753485.0
FI1B,2015.0,2769238.0
FI1C,2015.0,1926652.0
FI1D,2015.0,3902687.0
FI20,2015.0,112395.0
FR10,2015.0,28479371.0
HR03,2015.0,1729734.0
HU11,2015.0,887126.0
HU12,2015.0,653235.0
HU21,2015.0,1127864.0
HU22,2015.0,2353505.0
HU23,2015.0,1503495.0
HU31,2015.0,1502598.0
HU32,2015.0,1163034.0
HU33,2015.0,934713.0
IS00,2015.0,495844.0
ITC1,2015.0,5085447.0
ITC2,2015.0,1311303.0
ITC3,2015.0,5551721.0
ITC4,2015.0,12420427.0
ITF1,2015.0,3571431.0
ITF2,2015.0,286937.0
ITF3,2015.0,8001210.0
ITF4,2015.0,6386064.0
ITF5,2015.0,1423479.0
ITF6,2015.0,5098088.0
ITG1,2015.0,6001083.0
ITG2,2015.0,4770084.0
ITH1,2015.0,7311625.0
ITH2,2015.0,7189855.0
ITH3,2015.0,10508040.0
ITH4,2015.0,1850825.0
ITH5,2015.0,21449517.0
ITI1,2015.0,10410259.0
ITI2,2015.0,2168600.0
ITI3,2015.0,4434165.0
ITI4,2015.0,8088003.0
LI00,2015.0,1122.0
LT01,2015.0,317605.0
LT02,2015.0,1048955.0
LU00,2015.0,164929.0
LV00,2015.0,820891.0
ME00,2015.0,228576.0
MK00,2015.0,283964.0
MT00,2015.0,371007.0
NL11,2015.0,477350.0
NL12,2015.0,1212011.0
NL13,2015.0,624023.0
NL21,2015.0,1163626.0
NL22,2015.0,2422887.0
NL23,2015.0,185307.0
NL31,2015.0,1077067.0
NL32,2015.0,4953711.0
NL33,2015.0,3110011.0
NL34,2015.0,720129.0
NL41,2015.0,1756384.0
NL42,2015.0,2207407.0
NO02,2015.0,1353323.0
NO06,2015.0,1523621.0
NO07,2015.0,1846561.0
PL21,2015.0,3953989.0
PL22,2015.0,2438972.0
PL41,2015.0,1882909.0
PL42,2015.0,2003725.0
PL43,2015.0,501356.0
PL51,2015.0,3044696.0
PL52,2015.0,328996.0
PL61,2015.0,1123239.0
PL62,2015.0,1474574.0
PL63,2015.0,2441343.0
PT11,2015.0,3027593.0
PT15,2015.0,3982011.0
PT16,2015.0,2762334.0
PT17,2015.0,3107961.0
PT18,2015.0,1040275.0
PT20,2015.0,538621.0
PT30,2015.0,693820.0
RO11,2015.0,1842596.0
RO12,2015.0,2969091.0
RO21,2015.0,1212810.0
RO22,2015.0,4197547.0
RO31,2015.0,1312578.0
RO32,2015.0,1241357.0
RO41,2015.0,1402268.0
RO42,2015.0,1470874.0
SE11,2015.0,7282029.0
SE12,2015.0,2927959.0
SE21,2015.0,2113810.0
SE22,2015.0,3113052.0
SE23,2015.0,4791589.0
SE31,2015.0,2006903.0
SE32,2015.0,1296218.0
SE33,2015.0,1585316.0
SI03,2015.0,1236544.0
SI04,2015.0,815260.0
SK01,2015.0,583139.0
SK02,2015.0,1027339.0
SK03,2015.0,1804199.0
SK04,2015.0,1369746.0
TR10,2015.0,4422781.0
TR21,2015.0,480823.0
TR22,2015.0,1335024.0
TR31,2015.0,2383622.0
TR32,2015.0,4691468.0
TR33,2015.0,1245225.0
TR41,2015.0,1323341.0
TR42,2015.0,1402315.0
TR51,2015.0,1926147.0
TR52,2015.0,578590.0
TR61,2015.0,9313539.0
TR62,2015.0,1194108.0
TR63,2015.0,638066.0
TR71,2015.0,896275.0
TR72,2015.0,552722.0
TR81,2015.0,266405.0
TR82,2015.0,251271.0
TR83,2015.0,600447.0
TR90,2015.0,1447457.0
TRA1,2015.0,334860.0
TRA2,2015.0,163401.0
TRB1,2015.0,373704.0
TRB2,2015.0,303415.0
TRC1,2015.0,468168.0
TRC2,2015.0,540337.0
TRC3,2015.0,310115.0
UKC1,2015.0,820000.0
UKC2,2015.0,2043000.0
UKD1,2015.0,2720000.0
UKD3,2015.0,3279000.0
UKD4,2015.0,3093000.0
UKD6,2015.0,1391000.0
UKD7,2015.0,1437000.0
UKE1,2015.0,729000.0
UKE2,2015.0,4917000.0
UKE3,2015.0,1434000.0
UKE4,2015.0,2229000.0
UKF1,2015.0,1612000.0
UKF2,2015.0,1727000.0
UKF3,2015.0,801000.0
UKG1,2015.0,1906000.0
UKG2,2015.0,1858000.0
UKG3,2015.0,2831000.0
UKH1,2015.0,3502000.0
UKH2,2015.0,1370000.0
UKH3,2015.0,751000.0
UKI3,2015.0,3314360.0
UKI4,2015.0,3787840.0
UKI5,2015.0,2367400.0
UKI6,2015.0,1775550.0
UKI7,2015.0,591850.0
UKJ1,2015.0,3151000.0
UKJ2,2015.0,3536000.0
UKJ3,2015.0,3096000.0
UKJ4,2015.0,1233000.0
UKK1,2015.0,4022000.0
UKK2,2015.0,3858000.0
UKK3,2015.0,3321000.0
UKK4,2015.0,4191000.0
UKL1,2015.0,3908000.0
UKL2,2015.0,2298000.0
UKM5,2015.0,0.0
UKM6,2015.0,0.0
UKN0,2015.0,2491320.0
FR21,2015.0,830980.0
FR22,2015.0,533811.0
FR23,2015.0,616203.0
FR24,2015.0,1337361.0
FR25,2015.0,1206301.0
FR26,2015.0,1751531.0
FR30,2015.0,1742673.0
FR41,2015.0,822962.0
FR42,2015.0,2756458.0
FR43,2015.0,395896.0
FR51,2015.0,729796.0
FR52,2015.0,1164685.0
FR53,2015.0,589563.0
FR61,2015.0,1788856.0
FR62,2015.0,2444235.0
FR63,2015.0,153898.0
FR71,2015.0,5312590.0
FR72,2015.0,389851.0
FR81,2015.0,1559889.0
FR82,2015.0,9024343.0
FR83,2015.0,797473.0
FRA1,2015.0,161976.0
FRA2,2015.0,299002.0
FRA3,2015.0,69253.0
FRA4,2015.0,144946.0
FRA5,2015.0,0.0
HR04,2015.0,1392862.0
HU10,2015.0,7463243.0
IE01,2015.0,2069696.0
IE02,2015.0,8720264.0
LT00,2015.0,2246829.0
NO01,2015.0,2216734.0
NO03,2015.0,495183.0
NO04,2015.0,464499.0
NO05,2015.0,1452290.0
PL11,2015.0,311520.0
PL12,2015.0,2219052.0
PL31,2015.0,151957.0
PL32,2015.0,163413.0
PL33,2015.0,54279.0
PL34,2015.0,176067.0
AT11,2016.0,1648665.0
AT12,2016.0,2919849.0
AT13,2016.0,2605639.0
AT21,2016.0,2891645.0
AT22,2016.0,4827740.0
AT31,2016.0,2489017.0
AT32,2016.0,3719730.0
AT33,2016.0,3000137.0
AT34,2016.0,738411.0
BE10,2016.0,1029891.0
BE21,2016.0,784925.0
BE22,2016.0,449924.0
BE23,2016.0,427271.0
BE24,2016.0,543255.0
BE25,2016.0,2034658.0
BE31,2016.0,202757.0
BE32,2016.0,333791.0
BE33,2016.0,544170.0
BE34,2016.0,366384.0
BE35,2016.0,251299.0
BG31,2016.0,390573.0
BG32,2016.0,506623.0
BG33,2016.0,1269770.0
BG34,2016.0,1805049.0
BG41,2016.0,1796258.0
BG42,2016.0,1686486.0
CH01,2016.0,3839105.0
CH02,2016.0,2892928.0
CH03,2016.0,922137.0
CH04,2016.0,1426620.0
CH05,2016.0,4113258.0
CH06,2016.0,1641886.0
CH07,2016.0,1434739.0
CY00,2016.0,842801.0
CZ01,2016.0,1497194.0
CZ02,2016.0,1139303.0
CZ03,2016.0,2140774.0
CZ04,2016.0,1565513.0
CZ05,2016.0,3268763.0
CZ06,2016.0,2085265.0
CZ07,2016.0,1935704.0
CZ08,2016.0,991129.0
DE11,2016.0,7668679.0
DE12,2016.0,6325089.0
DE13,2016.0,7143259.0
DE14,2016.0,4032687.0
DE21,2016.0,19575855.0
DE22,2016.0,6593608.0
DE23,2016.0,3139662.0
DE24,2016.0,2980085.0
DE25,2016.0,4380154.0
DE26,2016.0,3599220.0
DE27,2016.0,7248893.0
DE30,2016.0,14504532.0
DE40,2016.0,5850054.0
DE50,2016.0,1658555.0
DE60,2016.0,9035816.0
DE71,2016.0,10741046.0
DE72,2016.0,1212052.0
DE73,2016.0,4008823.0
DE80,2016.0,13163817.0
DE91,2016.0,3627694.0
DE92,2016.0,3834413.0
DE93,2016.0,3596496.0
DE94,2016.0,6029384.0
DEA1,2016.0,6802147.0
DEA2,2016.0,7428201.0
DEA3,2016.0,2514309.0
DEA4,2016.0,2571244.0
DEA5,2016.0,4198388.0
DEB1,2016.0,3999859.0
DEB2,2016.0,1926237.0
DEB3,2016.0,3489909.0
DEC0,2016.0,1039152.0
DED2,2016.0,5782268.0
DED4,2016.0,2644198.0
DED5,2016.0,2767458.0
DEE0,2016.0,4399657.0
DEF0,2016.0,8676302.0
DEG0,2016.0,5546813.0
DK01,2016.0,3440370.0
DK02,2016.0,579835.0
DK03,2016.0,2025138.0
DK04,2016.0,1483529.0
DK05,2016.0,838324.0
EA19,2016.0,718171364.0
EE00,2016.0,1494672.0
EL30,2016.0,2332698.0
EL41,2016.0,347730.0
EL42,2016.0,1215173.0
EL43,2016.0,968291.0
EL51,2016.0,771074.0
EL52,2016.0,2433334.0
EL53,2016.0,237401.0
EL54,2016.0,628900.0
EL61,2016.0,1148698.0
EL62,2016.0,629070.0
EL63,2016.0,913719.0
EL64,2016.0,856594.0
EL65,2016.0,1460924.0
ES11,2016.0,6307450.0
ES12,2016.0,2922497.0
ES13,2016.0,2210369.0
ES21,2016.0,3284848.0
ES22,2016.0,1398229.0
ES23,2016.0,833347.0
ES24,2016.0,4166094.0
ES30,2016.0,10515327.0
ES41,2016.0,6198217.0
ES42,2016.0,2974968.0
ES43,2016.0,1992869.0
ES51,2016.0,16629195.0
ES52,2016.0,15760059.0
ES53,2016.0,4636401.0
ES61,2016.0,23983976.0
ES62,2016.0,2239095.0
ES63,2016.0,133903.0
ES64,2016.0,127328.0
ES70,2016.0,7924960.0
EU25,2016.0,911981510.0
EU28,2016.0,938660482.0
FI19,2016.0,2776024.0
FI1B,2016.0,2801036.0
FI1C,2016.0,2021191.0
FI1D,2016.0,3942352.0
FI20,2016.0,114877.0
FR10,2016.0,27793132.0
HR03,2016.0,1774836.0
HU11,2016.0,984905.0
HU12,2016.0,707834.0
HU21,2016.0,1236582.0
HU22,2016.0,2567770.0
HU23,2016.0,1600382.0
HU31,2016.0,1593841.0
HU32,2016.0,1225325.0
HU33,2016.0,1020264.0
IS00,2016.0,597980.0
ITC1,2016.0,5183484.0
ITC2,2016.0,1420004.0
ITC3,2016.0,5754967.0
ITC4,2016.0,11132148.0
ITF1,2016.0,3486084.0
ITF2,2016.0,280929.0
ITF3,2016.0,8350562.0
ITF4,2016.0,6803968.0
ITF5,2016.0,1399049.0
ITF6,2016.0,5337030.0
ITG1,2016.0,5419352.0
ITG2,2016.0,5056118.0
ITH1,2016.0,7660184.0
ITH2,2016.0,7568717.0
ITH3,2016.0,11059920.0
ITH4,2016.0,1884294.0
ITH5,2016.0,22253684.0
ITI1,2016.0,10148173.0
ITI2,2016.0,2232854.0
ITI3,2016.0,4712584.0
ITI4,2016.0,8542401.0
LI00,2016.0,1785.0
LT01,2016.0,320617.0
LT02,2016.0,1085162.0
LU00,2016.0,170996.0
LV00,2016.0,872286.0
ME00,2016.0,230356.0
MK00,2016.0,304403.0
MT00,2016.0,345966.0
NL11,2016.0,613749.0
NL12,2016.0,1321850.0
NL13,2016.0,786668.0
NL21,2016.0,1445020.0
NL22,2016.0,2560013.0
NL23,2016.0,199236.0
NL31,2016.0,1127035.0
NL32,2016.0,5073378.0
NL33,2016.0,3370250.0
NL34,2016.0,861341.0
NL41,2016.0,1981730.0
NL42,2016.0,2080466.0
NO02,2016.0,1389526.0
NO06,2016.0,1611780.0
NO07,2016.0,1911171.0
PL21,2016.0,4477272.0
PL22,2016.0,2776051.0
PL41,2016.0,2042505.0
PL42,2016.0,2168220.0
PL43,2016.0,530490.0
PL51,2016.0,3716803.0
PL52,2016.0,415355.0
PL61,2016.0,1264487.0
PL62,2016.0,1761177.0
PL63,2016.0,2758401.0
PT11,2016.0,3234819.0
PT15,2016.0,3958476.0
PT16,2016.0,2966867.0
PT17,2016.0,3174261.0
PT18,2016.0,1142773.0
PT20,2016.0,632871.0
PT30,2016.0,821707.0
RO11,2016.0,2097752.0
RO12,2016.0,3074731.0
RO21,2016.0,1355405.0
RO22,2016.0,4635230.0
RO31,2016.0,1338930.0
RO32,2016.0,1380526.0
RO41,2016.0,1423263.0
RO42,2016.0,1527529.0
SE11,2016.0,7705569.0
SE12,2016.0,3058935.0
SE21,2016.0,2226904.0
SE22,2016.0,3392964.0
SE23,2016.0,4962670.0
SE31,2016.0,2163876.0
SE32,2016.0,1315423.0
SE33,2016.0,1646442.0
SI03,2016.0,1267385.0
SI04,2016.0,829122.0
SK01,2016.0,660486.0
SK02,2016.0,1152079.0
SK03,2016.0,2128378.0
SK04,2016.0,1586858.0
TR10,2016.0,4081491.0
TR21,2016.0,502532.0
TR22,2016.0,1248203.0
TR31,2016.0,2662415.0
TR32,2016.0,7059660.0
TR33,2016.0,1568878.0
TR41,2016.0,1482496.0
TR42,2016.0,1531776.0
TR51,2016.0,2198933.0
TR52,2016.0,681007.0
TR61,2016.0,15067680.0
TR62,2016.0,1485178.0
TR63,2016.0,701114.0
TR71,2016.0,858669.0
TR72,2016.0,627574.0
TR81,2016.0,309323.0
TR82,2016.0,216085.0
TR83,2016.0,671132.0
TR90,2016.0,872736.0
TRA1,2016.0,399190.0
TRA2,2016.0,240859.0
TRB1,2016.0,409781.0
TRB2,2016.0,270722.0
TRC1,2016.0,547909.0
TRC2,2016.0,485578.0
TRC3,2016.0,352220.0
UKC1,2016.0,833900.0
UKC2,2016.0,2077630.0
UKD1,2016.0,2766110.0
UKD3,2016.0,3334590.0
UKD4,2016.0,3145430.0
UKD6,2016.0,1414580.0
UKD7,2016.0,1461360.0
UKE1,2016.0,741360.0
UKE2,2016.0,5000360.0
UKE3,2016.0,1458310.0
UKE4,2016.0,2266790.0
UKF1,2016.0,1639330.0
UKF2,2016.0,1756280.0
UKF3,2016.0,814580.0
UKG1,2016.0,1938310.0
UKG2,2016.0,1889500.0
UKG3,2016.0,2878990.0
UKH1,2016.0,3561370.0
UKH2,2016.0,1393230.0
UKH3,2016.0,763730.0
UKI3,2016.0,3370550.0
UKI4,2016.0,3852050.0
UKI5,2016.0,2407530.0
UKI6,2016.0,1805650.0
UKI7,2016.0,601880.0
UKJ1,2016.0,3204420.0
UKJ2,2016.0,3595940.0
UKJ3,2016.0,3148490.0
UKJ4,2016.0,1253900.0
UKK1,2016.0,4090180.0
UKK2,2016.0,3923400.0
UKK3,2016.0,3377300.0
UKK4,2016.0,4262050.0
UKL1,2016.0,3974250.0
UKL2,2016.0,2336960.0
UKM5,2016.0,0.0
UKM6,2016.0,3897640.0
UKN0,2016.0,2533550.0
FR21,2016.0,883141.0
FR22,2016.0,578685.0
FR23,2016.0,600966.0
FR24,2016.0,1160346.0
FR25,2016.0,1156336.0
FR26,2016.0,1587071.0
FR30,2016.0,1819755.0
FR41,2016.0,821554.0
FR42,2016.0,2771820.0
FR43,2016.0,401717.0
FR51,2016.0,760717.0
FR52,2016.0,1131214.0
FR53,2016.0,608146.0
FR61,2016.0,1866572.0
FR62,2016.0,2507068.0
FR63,2016.0,154156.0
FR71,2016.0,5691263.0
FR72,2016.0,400495.0
FR81,2016.0,1603026.0
FR82,2016.0,8449974.0
FR83,2016.0,864909.0
FRA1,2016.0,193463.0
FRA2,2016.0,229109.0
FRA3,2016.0,92043.0
FRA4,2016.0,148009.0
HR04,2016.0,1498475.0
HU10,2016.0,7816893.0
IE01,2016.0,2355836.0
IE02,2016.0,10548208.0
LT00,2016.0,2429499.0
NO01,2016.0,2439904.0
NO03,2016.0,534239.0
NO04,2016.0,423958.0
NO05,2016.0,1614091.0
PL11,2016.0,300414.0
PL12,2016.0,2631577.0
PL31,2016.0,163730.0
PL32,2016.0,179328.0
PL33,2016.0,63028.0
PL34,2016.0,195178.0
UKM2,2016.0,5282820.0
UKM3,2016.0,1481000.0
FRA5,2016.0,81422.0
AT11,2017.0,1596596.0
AT12,2017.0,2832967.0
AT13,2017.0,2604517.0
AT21,2017.0,2900617.0
AT22,2017.0,4966072.0
AT31,2017.0,2520268.0
AT32,2017.0,3802526.0
AT33,2017.0,3017394.0
AT34,2017.0,729605.0
BE10,2017.0,1236063.0
BE21,2017.0,844365.0
BE22,2017.0,384434.0
BE23,2017.0,452043.0
BE24,2017.0,615013.0
BE25,2017.0,2037248.0
BE31,2017.0,220761.0
BE32,2017.0,368039.0
BE33,2017.0,550023.0
BE34,2017.0,343867.0
BE35,2017.0,261099.0
BG31,2017.0,391156.0
BG32,2017.0,489690.0
BG33,2017.0,1264799.0
BG34,2017.0,1694712.0
BG41,2017.0,1800193.0
BG42,2017.0,1698119.0
CH01,2017.0,3970917.0
CH02,2017.0,3014021.0
CH03,2017.0,950849.0
CH04,2017.0,1514401.0
CH05,2017.0,4271957.0
CH06,2017.0,1656923.0
CH07,2017.0,1568819.0
CY00,2017.0,829370.0
CZ01,2017.0,1633087.0
CZ02,2017.0,1245150.0
CZ03,2017.0,2301466.0
CZ04,2017.0,1628407.0
CZ05,2017.0,3597251.0
CZ06,2017.0,2367867.0
CZ07,2017.0,2001988.0
CZ08,2017.0,1121657.0
DE11,2017.0,7818325.0
DE12,2017.0,6504313.0
DE13,2017.0,7266409.0
DE14,2017.0,4069609.0
DE21,2017.0,20421863.0
DE22,2017.0,6645511.0
DE23,2017.0,3197782.0
DE24,2017.0,3027204.0
DE25,2017.0,4416172.0
DE26,2017.0,3772355.0
DE27,2017.0,7376142.0
DE30,2017.0,14667095.0
DE40,2017.0,6054255.0
DE50,2017.0,1696484.0
DE60,2017.0,9318929.0
DE71,2017.0,11410280.0
DE72,2017.0,1265224.0
DE73,2017.0,4211172.0
DE80,2017.0,13102133.0
DE91,2017.0,3690057.0
DE92,2017.0,3953493.0
DE93,2017.0,3659386.0
DE94,2017.0,6305237.0
DEA1,2017.0,7109424.0
DEA2,2017.0,7804993.0
DEA3,2017.0,2592004.0
DEA4,2017.0,2672761.0
DEA5,2017.0,4419217.0
DEB1,2017.0,4096398.0
DEB2,2017.0,1937470.0
DEB3,2017.0,3597917.0
DEC0,2017.0,1087507.0
DED2,2017.0,5937788.0
DED4,2017.0,2733267.0
DED5,2017.0,2946345.0
DEE0,2017.0,4606038.0
DEF0,2017.0,9035508.0
DEG0,2017.0,5680342.0
DK01,2017.0,3494430.0
DK02,2017.0,615361.0
DK03,2017.0,2101282.0
DK04,2017.0,1588807.0
DK05,2017.0,884199.0
EA19,2017.0,738814323.0
EE00,2017.0,1612920.0
EL30,2017.0,2360438.0
EL41,2017.0,396506.0
EL42,2017.0,1255562.0
EL43,2017.0,900830.0
EL51,2017.0,798288.0
EL52,2017.0,2393495.0
EL53,2017.0,243503.0
EL54,2017.0,678982.0
EL61,2017.0,1175494.0
EL62,2017.0,649906.0
EL63,2017.0,910576.0
EL64,2017.0,896582.0
EL65,2017.0,1493979.0
ES11,2017.0,6701279.0
ES12,2017.0,3043734.0
ES13,2017.0,2295317.0
ES21,2017.0,3474984.0
ES22,2017.0,1451085.0
ES23,2017.0,847558.0
ES24,2017.0,4507227.0
ES30,2017.0,10841520.0
ES41,2017.0,6434925.0
ES42,2017.0,3031932.0
ES43,2017.0,2034816.0
ES51,2017.0,16556256.0
ES52,2017.0,15468676.0
ES53,2017.0,5165589.0
ES61,2017.0,23338294.0
ES62,2017.0,2333113.0
ES63,2017.0,123562.0
ES64,2017.0,124485.0
ES70,2017.0,8047677.0
EU25,2017.0,945547704.0
EU28,2017.0,972716381.0
FI19,2017.0,2877455.0
FI1B,2017.0,3074089.0
FI1C,2017.0,2045701.0
FI1D,2017.0,3937267.0
FI20,2017.0,118728.0
FR10,2017.0,29707358.0
FRB0,2017.0,4670754.0
FRC1,2017.0,3565097.0
FRC2,2017.0,1641309.0
FRD1,2017.0,3552859.0
FRD2,2017.0,2436529.0
FRE1,2017.0,4700499.0
FRE2,2017.0,2022608.0
FRF1,2017.0,4232365.0
FRF2,2017.0,2113008.0
FRF3,2017.0,3188995.0
FRG0,2017.0,6334508.0
FRH0,2017.0,6732693.0
FRI1,2017.0,7889334.0
FRI2,2017.0,1222763.0
FRI3,2017.0,4370692.0
FRJ1,2017.0,6190228.0
FRJ2,2017.0,5739238.0
FRK1,2017.0,3181866.0
FRK2,2017.0,14455705.0
FRL0,2017.0,13853546.0
FRM0,2017.0,2451880.0
FRY1,2017.0,973185.0
FRY2,2017.0,1096459.0
FRY3,2017.0,281907.0
FRY4,2017.0,1168459.0
HR03,2017.0,1733989.0
HU11,2017.0,1043360.0
HU12,2017.0,743159.0
HU21,2017.0,1401858.0
HU22,2017.0,2749856.0
HU23,2017.0,1499268.0
HU31,2017.0,1714215.0
HU32,2017.0,1285840.0
HU33,2017.0,1115039.0
ITC1,2017.0,5509006.0
ITC2,2017.0,1441532.0
ITC3,2017.0,5842708.0
ITC4,2017.0,11398438.0
ITF1,2017.0,3491153.0
ITF2,2017.0,245909.0
ITF3,2017.0,8508904.0
ITF4,2017.0,7008363.0
ITF5,2017.0,1427880.0
ITF6,2017.0,5631119.0
ITG1,2017.0,5805867.0
ITG2,2017.0,5074329.0
ITH1,2017.0,7983181.0
ITH2,2017.0,7904360.0
ITH3,2017.0,11305797.0
ITH4,2017.0,1959086.0
ITH5,2017.0,23038520.0
ITI1,2017.0,10339655.0
ITI2,2017.0,2019625.0
ITI3,2017.0,4596988.0
ITI4,2017.0,8487031.0
LI00,2017.0,2110.0
LT01,2017.0,329584.0
LT02,2017.0,1224405.0
LU00,2017.0,211347.0
LV00,2017.0,920269.0
ME00,2017.0,258752.0
MK00,2017.0,321282.0
MT00,2017.0,392664.0
NL11,2017.0,558554.0
NL12,2017.0,1463464.0
NL13,2017.0,769437.0
NL21,2017.0,1422177.0
NL22,2017.0,2585526.0
NL23,2017.0,223241.0
NL31,2017.0,1236155.0
NL32,2017.0,5437611.0
NL33,2017.0,3720705.0
NL34,2017.0,780882.0
NL41,2017.0,2083176.0
NL42,2017.0,2248521.0
PL21,2017.0,4967986.0
PL22,2017.0,2963099.0
PL41,2017.0,2091551.0
PL42,2017.0,2332698.0
PL43,2017.0,562805.0
PL51,2017.0,3906447.0
PL52,2017.0,457050.0
PL61,2017.0,1394835.0
PL62,2017.0,1735139.0
PL63,2017.0,2974330.0
PL71,2017.0,1405806.0
PL72,2017.0,855662.0
PL81,2017.0,1019650.0
PL82,2017.0,1288137.0
PL84,2017.0,613643.0
PL91,2017.0,4170893.0
PL92,2017.0,759499.0
PT11,2017.0,3370106.0
PT15,2017.0,4120750.0
PT16,2017.0,3092284.0
PT17,2017.0,3270251.0
PT18,2017.0,1256913.0
PT20,2017.0,751078.0
PT30,2017.0,820307.0
RO11,2017.0,2083491.0
RO12,2017.0,3313548.0
RO21,2017.0,1385683.0
RO22,2017.0,4896754.0
RO31,2017.0,1365945.0
RO32,2017.0,1426073.0
RO41,2017.0,1513114.0
RO42,2017.0,1457310.0
SE11,2017.0,7909667.0
SE12,2017.0,3164813.0
SE21,2017.0,2299726.0
SE22,2017.0,3418240.0
SE23,2017.0,5170838.0
SE31,2017.0,2219838.0
SE32,2017.0,1340784.0
SE33,2017.0,1695193.0
SI03,2017.0,1324331.0
SI04,2017.0,881929.0
SK01,2017.0,672644.0
SK02,2017.0,1314803.0
SK03,2017.0,2219914.0
SK04,2017.0,1660610.0
HR04,2017.0,1777836.0
FRY5,2017.0,83946.0
AL01,2018.0,199081.0
AL02,2018.0,269005.0
AL03,2018.0,336095.0
AT11,2018.0,1547822.0
AT12,2018.0,2949185.0
AT13,2018.0,2735121.0
AT21,2018.0,2963251.0
AT22,2018.0,5031140.0
AT31,2018.0,2639140.0
AT32,2018.0,3885852.0
AT33,2018.0,3059044.0
AT34,2018.0,748907.0
BE10,2018.0,1365694.0
BE21,2018.0,922543.0
BE22,2018.0,427880.0
BE23,2018.0,482550.0
BE24,2018.0,686381.0
BE25,2018.0,2217072.0
BE31,2018.0,226861.0
BE32,2018.0,367846.0
BE33,2018.0,555096.0
BE34,2018.0,338758.0
BE35,2018.0,267333.0
BG31,2018.0,383098.0
BG32,2018.0,521339.0
BG33,2018.0,1281632.0
BG34,2018.0,1673176.0
BG41,2018.0,1794418.0
BG42,2018.0,1769476.0
CH01,2018.0,4138129.0
CH02,2018.0,3087885.0
CH03,2018.0,981755.0
CH04,2018.0,1658948.0
CH05,2018.0,4431233.0
CH06,2018.0,1746104.0
CH07,2018.0,1397631.0
CY00,2018.0,914794.0
CZ01,2018.0,1804056.0
CZ02,2018.0,1329789.0
CZ03,2018.0,2346970.0
CZ04,2018.0,1814223.0
CZ05,2018.0,3716705.0
CZ06,2018.0,2538122.0
CZ07,2018.0,2206489.0
CZ08,2018.0,1217164.0
DE11,2018.0,8081733.0
DE12,2018.0,6680862.0
DE13,2018.0,7458889.0
DE14,2018.0,4183651.0
DE21,2018.0,21705391.0
DE22,2018.0,6869590.0
DE23,2018.0,3206049.0
DE24,2018.0,3063941.0
DE25,2018.0,4728948.0
DE26,2018.0,3897085.0
DE27,2018.0,7649504.0
DE30,2018.0,15187405.0
DE40,2018.0,6123531.0
DE50,2018.0,1804216.0
DE60,2018.0,9782385.0
DE71,2018.0,11634734.0
DE72,2018.0,1277954.0
DE73,2018.0,4089071.0
DE80,2018.0,13048471.0
DE91,2018.0,3807118.0
DE92,2018.0,4000739.0
DE93,2018.0,3737020.0
DE94,2018.0,6582951.0
DEA1,2018.0,7411792.0
DEA2,2018.0,7916024.0
DEA3,2018.0,2574385.0
DEA4,2018.0,2661906.0
DEA5,2018.0,4536629.0
DEB1,2018.0,4084276.0
DEB2,2018.0,1978332.0
DEB3,2018.0,3690416.0
DEC0,2018.0,1096121.0
DED2,2018.0,6026941.0
DED4,2018.0,2803986.0
DED5,2018.0,3117894.0
DEE0,2018.0,4689735.0
DEF0,2018.0,9342715.0
DEG0,2018.0,5604009.0
DK01,2018.0,3781033.0
DK02,2018.0,592645.0
DK03,2018.0,2150877.0
DK04,2018.0,1533862.0
DK05,2018.0,891083.0
EA19,2018.0,753752284.0
EE00,2018.0,1693457.0
EL30,2018.0,2596000.0
EL41,2018.0,450839.0
EL42,2018.0,1925772.0
EL43,2018.0,1131173.0
EL51,2018.0,819982.0
EL52,2018.0,2725044.0
EL53,2018.0,268788.0
EL54,2018.0,885153.0
EL61,2018.0,1235173.0
EL62,2018.0,855589.0
EL63,2018.0,906554.0
EL64,2018.0,1117929.0
EL65,2018.0,1927132.0
ES11,2018.0,6502471.0
ES12,2018.0,3024196.0
ES13,2018.0,2350404.0
ES21,2018.0,3559265.0
ES22,2018.0,1476874.0
ES23,2018.0,812211.0
ES24,2018.0,4497967.0
ES30,2018.0,11189880.0
ES41,2018.0,6432147.0
ES42,2018.0,3103359.0
ES43,2018.0,2103857.0
ES51,2018.0,15712468.0
ES52,2018.0,15517503.0
ES53,2018.0,4921628.0
ES61,2018.0,24368723.0
ES62,2018.0,2395110.0
ES63,2018.0,120951.0
ES64,2018.0,111508.0
ES70,2018.0,8299221.0
EU25,2018.0,967962312.0
EU28,2018.0,996411142.0
FI19,2018.0,2929758.0
FI1B,2018.0,3097115.0
FI1C,2018.0,2104302.0
FI1D,2018.0,3970532.0
FI20,2018.0,122390.0
FR10,2018.0,29689704.0
FRB0,2018.0,4690766.0
FRC1,2018.0,3503917.0
FRC2,2018.0,1576157.0
FRD1,2018.0,3706321.0
FRD2,2018.0,2428183.0
FRE1,2018.0,4567383.0
FRE2,2018.0,2040929.0
FRF1,2018.0,4176491.0
FRF2,2018.0,2067862.0
FRF3,2018.0,3064631.0
FRG0,2018.0,6565075.0
FRH0,2018.0,6653557.0
FRI1,2018.0,7619045.0
FRI2,2018.0,1193139.0
FRI3,2018.0,4296423.0
FRJ1,2018.0,6224050.0
FRJ2,2018.0,5721545.0
FRK1,2018.0,3140786.0
FRK2,2018.0,14366308.0
FRL0,2018.0,13757862.0
FRM0,2018.0,2408012.0
FRY1,2018.0,1027359.0
FRY2,2018.0,1161463.0
FRY3,2018.0,301202.0
FRY4,2018.0,1280885.0
HR02,2018.0,191044.0
HR03,2018.0,1858102.0
HU11,2018.0,1176920.0
HU12,2018.0,794707.0
HU21,2018.0,1523802.0
HU22,2018.0,2897721.0
HU23,2018.0,1555905.0
HU31,2018.0,1797736.0
HU32,2018.0,1367561.0
HU33,2018.0,1187222.0
IE04,2018.0,4158978.0
IE05,2018.0,4651797.0
IE06,2018.0,6892304.0
ITC1,2018.0,5344013.0
ITC2,2018.0,1396589.0
ITC3,2018.0,5660583.0
ITC4,2018.0,11758839.0
ITF1,2018.0,3633436.0
ITF2,2018.0,265582.0
ITF3,2018.0,8831240.0
ITF4,2018.0,6933909.0
ITF5,2018.0,1620883.0
ITF6,2018.0,5735237.0
ITG1,2018.0,5698186.0
ITG2,2018.0,5036510.0
ITH1,2018.0,7997828.0
ITH2,2018.0,8082879.0
ITH3,2018.0,11403396.0
ITH4,2018.0,2055847.0
ITH5,2018.0,23312218.0
ITI1,2018.0,10473687.0
ITI2,2018.0,2139935.0
ITI3,2018.0,3845057.0
ITI4,2018.0,8967949.0
LI00,2018.0,2032.0
LT01,2018.0,380057.0
LT02,2018.0,1335099.0
LU00,2018.0,192617.0
LV00,2018.0,1018731.0
MK00,2018.0,463703.0
MT00,2018.0,421190.0
NL11,2018.0,730624.0
NL12,2018.0,1381963.0
NL13,2018.0,870022.0
NL21,2018.0,1410157.0
NL22,2018.0,2647154.0
NL23,2018.0,207080.0
NL31,2018.0,1238406.0
NL32,2018.0,5955823.0
NL33,2018.0,3832926.0
NL34,2018.0,836733.0
NL41,2018.0,2201461.0
NL42,2018.0,2430746.0
PL21,2018.0,5581415.0
PL22,2018.0,3212915.0
PL41,2018.0,2156430.0
PL42,2018.0,2534839.0
PL43,2018.0,592252.0
PL51,2018.0,4384047.0
PL52,2018.0,455302.0
PL61,2018.0,1442861.0
PL62,2018.0,1832477.0
PL63,2018.0,3311214.0
PL71,2018.0,1471644.0
PL72,2018.0,915860.0
PL81,2018.0,1092515.0
PL82,2018.0,1330310.0
PL84,2018.0,610206.0
PL91,2018.0,4253738.0
PL92,2018.0,841042.0
PT11,2018.0,3468257.0
PT15,2018.0,4455104.0
PT16,2018.0,3134062.0
PT17,2018.0,3281464.0
PT18,2018.0,1254254.0
PT20,2018.0,782713.0
PT30,2018.0,807334.0
RO11,2018.0,2245285.0
RO12,2018.0,3443219.0
RO21,2018.0,1437087.0
RO22,2018.0,5274542.0
RO31,2018.0,1482664.0
RO32,2018.0,1468016.0
RO41,2018.0,1630358.0
RO42,2018.0,1500029.0
SE11,2018.0,8080743.0
SE12,2018.0,3364509.0
SE21,2018.0,2249821.0
SE22,2018.0,3495469.0
SE23,2018.0,5340215.0
SE31,2018.0,2280073.0
SE32,2018.0,1403681.0
SE33,2018.0,1688137.0
SK01,2018.0,686117.0
SK02,2018.0,1309661.0
SK03,2018.0,2375031.0
SK04,2018.0,1734948.0
TR10,2018.0,8261354.0
TR21,2018.0,1242809.0
TR22,2018.0,3725416.0
TR31,2018.0,3989707.0
TR32,2018.0,8612831.0
TR33,2018.0,3755554.0
TR41,2018.0,3285614.0
TR42,2018.0,3168041.0
TR51,2018.0,3768008.0
TR52,2018.0,1433893.0
TR61,2018.0,14369839.0
TR62,2018.0,3550485.0
TR63,2018.0,1815676.0
TR71,2018.0,2261124.0
TR72,2018.0,1381945.0
TR81,2018.0,986390.0
TR82,2018.0,884151.0
TR83,2018.0,1777782.0
TR90,2018.0,2092413.0
TRA1,2018.0,1045657.0
TRA2,2018.0,732709.0
TRB1,2018.0,964956.0
TRB2,2018.0,1107264.0
TRC1,2018.0,1315389.0
TRC2,2018.0,1601357.0
TRC3,2018.0,996855.0
HR04,2018.0,1922282.0
FRY5,2018.0,86382.0
HR05,2018.0,1591690.0
HR06,2018.0,614937.0
AL01,2019.0,259910.0
AL02,2019.0,329702.0
AL03,2019.0,425425.0
AT11,2019.0,1462606.0
AT12,2019.0,3091532.0
AT13,2019.0,2751494.0
AT21,2019.0,2960677.0
AT22,2019.0,5149725.0
AT31,2019.0,2743930.0
AT32,2019.0,3952623.0
AT33,2019.0,3056766.0
AT34,2019.0,723083.0
BE10,2019.0,1519535.0
BE21,2019.0,950741.0
BE22,2019.0,451808.0
BE23,2019.0,494228.0
BE24,2019.0,732781.0
BE25,2019.0,2224683.0
BE31,2019.0,221653.0
BE32,2019.0,378105.0
BE33,2019.0,557409.0
BE34,2019.0,331457.0
BE35,2019.0,263322.0
BG31,2019.0,382325.0
BG32,2019.0,543120.0
BG33,2019.0,1339741.0
BG34,2019.0,1887966.0
BG41,2019.0,1851018.0
BG42,2019.0,1886180.0
CH01,2019.0,4180376.0
CH02,2019.0,3125557.0
CH03,2019.0,1018153.0
CH04,2019.0,1923625.0
CH05,2019.0,4491316.0
CH06,2019.0,1780977.0
CH07,2019.0,1431927.0
CY00,2019.0,1011520.0
CZ01,2019.0,1796117.0
CZ02,2019.0,1380781.0
CZ03,2019.0,2510437.0
CZ04,2019.0,1915168.0
CZ05,2019.0,3837414.0
CZ06,2019.0,2593097.0
CZ07,2019.0,2306244.0
CZ08,2019.0,1212394.0
DE11,2019.0,8342662.0
DE12,2019.0,6811373.0
DE13,2019.0,7729185.0
DE14,2019.0,4177185.0
DE21,2019.0,22539221.0
DE22,2019.0,7102736.0
DE23,2019.0,3331238.0
DE24,2019.0,3159766.0
DE25,2019.0,4740598.0
DE26,2019.0,3920811.0
DE27,2019.0,7827653.0
DE30,2019.0,15874794.0
DE40,2019.0,6359566.0
DE50,2019.0,2004513.0
DE60,2019.0,10528023.0
DE71,2019.0,12057698.0
DE72,2019.0,1292503.0
DE73,2019.0,4277050.0
DE80,2019.0,13245202.0
DE91,2019.0,3936473.0
DE92,2019.0,4215931.0
DE93,2019.0,3808711.0
DE94,2019.0,6708108.0
DEA1,2019.0,7656086.0
DEA2,2019.0,8240372.0
DEA3,2019.0,2620449.0
DEA4,2019.0,2694210.0
DEA5,2019.0,4721044.0
DEB1,2019.0,4155303.0
DEB2,2019.0,1983460.0
DEB3,2019.0,3808416.0
DEC0,2019.0,1125794.0
DED2,2019.0,6262095.0
DED4,2019.0,2881476.0
DED5,2019.0,3309179.0
DEE0,2019.0,5002004.0
DEF0,2019.0,9645453.0
DEG0,2019.0,5909026.0
DK01,2019.0,4227997.0
DK02,2019.0,612219.0
DK03,2019.0,2242407.0
DK04,2019.0,1619495.0
DK05,2019.0,947422.0
EA19,2019.0,772506230.0
EE00,2019.0,1777559.0
EL30,2019.0,2656897.0
EL41,2019.0,467553.0
EL42,2019.0,1891046.0
EL43,2019.0,1202326.0
EL51,2019.0,789713.0
EL52,2019.0,2660314.0
EL53,2019.0,258210.0
EL54,2019.0,851901.0
EL61,2019.0,1284171.0
EL62,2019.0,881018.0
EL63,2019.0,896131.0
EL64,2019.0,1106013.0
EL65,2019.0,1856367.0
ES11,2019.0,6799649.0
ES12,2019.0,3132130.0
ES13,2019.0,2338036.0
ES21,2019.0,3560919.0
ES22,2019.0,1546251.0
ES23,2019.0,800326.0
ES24,2019.0,4571654.0
ES30,2019.0,11182197.0
ES41,2019.0,6701376.0
ES42,2019.0,3111009.0
ES43,2019.0,2103128.0
ES51,2019.0,15597072.0
ES52,2019.0,16204467.0
ES53,2019.0,4737956.0
ES61,2019.0,25560286.0
ES62,2019.0,2395696.0
ES63,2019.0,109988.0
ES64,2019.0,106011.0
ES70,2019.0,9051088.0
EU25,2019.0,996476915.0
EU28,2019.0,1026636655.0
FI19,2019.0,3004189.0
FI1B,2019.0,3359544.0
FI1C,2019.0,2164847.0
FI1D,2019.0,4166719.0
FI20,2019.0,120790.0
FR10,2019.0,31690747.0
FRB0,2019.0,4797627.0
FRC1,2019.0,3530173.0
FRC2,2019.0,1597120.0
FRD1,2019.0,3758018.0
FRD2,2019.0,2500058.0
FRE1,2019.0,4721320.0
FRE2,2019.0,2175705.0
FRF1,2019.0,4322096.0
FRF2,2019.0,2083089.0
FRF3,2019.0,3072528.0
FRG0,2019.0,6611064.0
FRH0,2019.0,6825484.0
FRI1,2019.0,7831072.0
FRI2,2019.0,1213247.0
FRI3,2019.0,4342121.0
FRJ1,2019.0,6347264.0
FRJ2,2019.0,5903069.0
FRK1,2019.0,3170319.0
FRK2,2019.0,15007162.0
FRL0,2019.0,14351738.0
FRM0,2019.0,2363106.0
FRY1,2019.0,1026014.0
FRY2,2019.0,1124655.0
FRY3,2019.0,342254.0
FRY4,2019.0,1358402.0
HR02,2019.0,192967.0
HR03,2019.0,2029717.0
HR05,2019.0,232474.0
HR06,2019.0,289569.0
HU11,2019.0,1101345.0
HU12,2019.0,793139.0
HU21,2019.0,1629037.0
HU22,2019.0,2907868.0
HU23,2019.0,1583962.0
HU31,2019.0,1836606.0
HU32,2019.0,1384364.0
HU33,2019.0,1157454.0
IE04,2019.0,3650186.0
IE05,2019.0,5410545.0
IE06,2019.0,5705734.0
IS00,2019.0,580556.0
ITC1,2019.0,4734822.0
ITC2,2019.0,1390348.0
ITC3,2019.0,5641856.0
ITC4,2019.0,12090522.0
ITF1,2019.0,3552244.0
ITF2,2019.0,247154.0
ITF3,2019.0,8795966.0
ITF4,2019.0,6917046.0
ITF5,2019.0,1695793.0
ITF6,2019.0,5781396.0
ITG1,2019.0,5721570.0
ITG2,2019.0,5135957.0
ITH1,2019.0,7861183.0
ITH2,2019.0,8057768.0
ITH3,2019.0,11506046.0
ITH4,2019.0,2043497.0
ITH5,2019.0,23296467.0
ITI1,2019.0,10578281.0
ITI2,2019.0,2134886.0
ITI3,2019.0,3924573.0
ITI4,2019.0,9269391.0
LI00,2019.0,2030.0
LT01,2019.0,437863.0
LT02,2019.0,1473044.0
LU00,2019.0,200054.0
LV00,2019.0,1035966.0
MK00,2019.0,476145.0
MT00,2019.0,467354.0
NL11,2019.0,616920.0
NL12,2019.0,1295527.0
NL13,2019.0,796636.0
NL21,2019.0,1487961.0
NL22,2019.0,2777309.0
NL23,2019.0,262007.0
NL31,2019.0,1341480.0
NL32,2019.0,6446189.0
NL33,2019.0,3777091.0
NL34,2019.0,862590.0
NL41,2019.0,2220157.0
NL42,2019.0,2388202.0
PL21,2019.0,5930848.0
PL22,2019.0,3332417.0
PL41,2019.0,2232202.0
PL42,2019.0,2786653.0
PL43,2019.0,627843.0
PL51,2019.0,4772524.0
PL52,2019.0,490939.0
PL61,2019.0,1478235.0
PL62,2019.0,1922064.0
PL63,2019.0,3622595.0
PL71,2019.0,1691115.0
PL72,2019.0,1020438.0
PL81,2019.0,1202941.0
PL82,2019.0,1438882.0
PL84,2019.0,660606.0
PL91,2019.0,4513328.0
PL92,2019.0,903858.0
PT11,2019.0,3584256.0
PT15,2019.0,4666648.0
PT16,2019.0,3246454.0
PT17,2019.0,3320969.0
PT18,2019.0,1356297.0
PT20,2019.0,872053.0
PT30,2019.0,856952.0
RO11,2019.0,2419345.0
RO12,2019.0,3730468.0
RO21,2019.0,1551805.0
RO22,2019.0,5373249.0
RO31,2019.0,1570117.0
RO32,2019.0,1530750.0
RO41,2019.0,1750058.0
RO42,2019.0,1598871.0
SE11,2019.0,8990008.0
SE12,2019.0,3528966.0
SE21,2019.0,2318383.0
SE22,2019.0,3651905.0
SE23,2019.0,5593121.0
SE31,2019.0,2336227.0
SE32,2019.0,1483606.0
SE33,2019.0,1741820.0
SI03,2019.0,1232801.0
SI04,2019.0,903991.0
SK01,2019.0,753939.0
SK02,2019.0,1519973.0
SK03,2019.0,2850263.0
SK04,2019.0,2114255.0
TR10,2019.0,8612751.0
TR21,2019.0,1430708.0
TR22,2019.0,4001833.0
TR31,2019.0,4250658.0
TR32,2019.0,7209132.0
TR33,2019.0,3828690.0
TR41,2019.0,3523601.0
TR42,2019.0,3567531.0
TR51,2019.0,3907853.0
TR52,2019.0,1550158.0
TR61,2019.0,12240983.0
TR62,2019.0,3713880.0
TR63,2019.0,1833801.0
TR71,2019.0,2163045.0
TR72,2019.0,1474612.0
TR81,2019.0,1136235.0
TR82,2019.0,918693.0
TR83,2019.0,1796551.0
TR90,2019.0,2426150.0
TRA1,2019.0,1234090.0
TRA2,2019.0,734551.0
TRB1,2019.0,992202.0
TRB2,2019.0,1232253.0
TRC1,2019.0,1457576.0
TRC2,2019.0,1768492.0
TRC3,2019.0,1110587.0
HR04,2019.0,1984833.0
FRY5,2019.0,100423.0
AL01,2020.0,148755.0
AL02,2020.0,164554.0
AL03,2020.0,416350.0
AT11,2020.0,1086774.0
AT12,2020.0,2053673.0
AT13,2020.0,1138689.0
AT21,2020.0,2923843.0
AT22,2020.0,3957201.0
AT31,2020.0,1949109.0
AT32,2020.0,3211278.0
AT33,2020.0,2395509.0
AT34,2020.0,527131.0
BE10,2020.0,468122.0
BE21,2020.0,397272.0
BE22,2020.0,296260.0
BE23,2020.0,244980.0
BE24,2020.0,227518.0
BE25,2020.0,1376404.0
BE31,2020.0,106702.0
BE32,2020.0,202563.0
BE33,2020.0,456294.0
BE34,2020.0,279160.0
BE35,2020.0,187838.0
BG31,2020.0,304913.0
BG32,2020.0,334851.0
BG33,2020.0,1035084.0
BG34,2020.0,1865414.0
BG41,2020.0,1128436.0
BG42,2020.0,1327352.0
CY00,2020.0,1092094.0
CZ01,2020.0,1195827.0
CZ02,2020.0,1011947.0
CZ03,2020.0,2153310.0
CZ04,2020.0,1749706.0
CZ05,2020.0,3237689.0
CZ06,2020.0,1930040.0
CZ07,2020.0,1761795.0
CZ08,2020.0,890233.0
DE11,2020.0,4237579.0
DE12,2020.0,3817135.0
DE13,2020.0,5427957.0
DE14,2020.0,2825265.0
DE21,2020.0,13903665.0
DE22,2020.0,4358544.0
DE23,2020.0,2103017.0
DE24,2020.0,1966630.0
DE25,2020.0,2548836.0
DE26,2020.0,2334604.0
DE27,2020.0,5785130.0
DE30,2020.0,7147756.0
DE40,2020.0,4395400.0
DE50,2020.0,1112420.0
DE60,2020.0,5104991.0
DE71,2020.0,5888834.0
DE72,2020.0,811904.0
DE73,2020.0,2500495.0
DE80,2020.0,9665170.0
DE91,2020.0,2343261.0
DE92,2020.0,2211779.0
DE93,2020.0,2504391.0
DE94,2020.0,4499372.0
DEA1,2020.0,3667880.0
DEA2,2020.0,4141979.0
DEA3,2020.0,1540317.0
DEA4,2020.0,1497575.0
DEA5,2020.0,2679766.0
DEB1,2020.0,2806202.0
DEB2,2020.0,1500563.0
DEB3,2020.0,2418238.0
DEC0,2020.0,695033.0
DED2,2020.0,4156198.0
DED4,2020.0,1824427.0
DED5,2020.0,1882542.0
DEE0,2020.0,3294902.0
DEF0,2020.0,7040815.0
DEG0,2020.0,3730572.0
DK01,2020.0,2578552.0
DK02,2020.0,498435.0
DK03,2020.0,1757258.0
DK04,2020.0,1220610.0
DK05,2020.0,809647.0
EA19,2020.0,454159805.0
EE00,2020.0,1604374.0
EL30,2020.0,1179198.0
EL41,2020.0,295033.0
EL42,2020.0,887634.0
EL43,2020.0,522044.0
EL51,2020.0,481152.0
EL52,2020.0,1286613.0
EL53,2020.0,121843.0
EL54,2020.0,483319.0
EL61,2020.0,706410.0
EL62,2020.0,378008.0
EL63,2020.0,512514.0
EL64,2020.0,594565.0
EL65,2020.0,1107260.0
ES11,2020.0,3094958.0
ES12,2020.0,1724033.0
ES13,2020.0,1234572.0
ES21,2020.0,1715503.0
ES22,2020.0,618233.0
ES23,2020.0,309261.0
ES24,2020.0,2192176.0
ES30,2020.0,4245948.0
ES41,2020.0,2746642.0
ES42,2020.0,1375567.0
ES43,2020.0,939428.0
ES51,2020.0,7149562.0
ES52,2020.0,5867321.0
ES53,2020.0,1855954.0
ES61,2020.0,11332060.0
ES62,2020.0,902298.0
ES63,2020.0,57718.0
ES64,2020.0,44134.0
ES70,2020.0,3745682.0
FI19,2020.0,2115889.0
FI1B,2020.0,1719491.0
FI1C,2020.0,1562645.0
FI1D,2020.0,3366609.0
FI20,2020.0,87045.0
FR10,2020.0,19857601.0
FRB0,2020.0,2745822.0
FRC1,2020.0,2087685.0
FRC2,2020.0,942308.0
FRD1,2020.0,2415213.0
FRD2,2020.0,1426953.0
FRE1,2020.0,2595129.0
FRE2,2020.0,1202539.0
FRF1,2020.0,2414036.0
FRF2,2020.0,1200747.0
FRF3,2020.0,1700764.0
FRG0,2020.0,3683657.0
FRH0,2020.0,4194908.0
FRI1,2020.0,4747933.0
FRI2,2020.0,699648.0
FRI3,2020.0,2566047.0
FRJ1,2020.0,4071469.0
FRJ2,2020.0,3252055.0
FRK1,2020.0,1941314.0
FRK2,2020.0,9716709.0
FRL0,2020.0,9943455.0
FRM0,2020.0,1561920.0
FRY1,2020.0,508758.0
FRY2,2020.0,594709.0
FRY3,2020.0,183020.0
FRY4,2020.0,744674.0
FRY5,2020.0,42022.0
HR02,2020.0,95068.0
HR03,2020.0,1271569.0
HR05,2020.0,111933.0
HR06,2020.0,175656.0
HU11,2020.0,516084.0
HU12,2020.0,425313.0
HU21,2020.0,1157624.0
HU22,2020.0,1872900.0
HU23,2020.0,1098106.0
HU31,2020.0,1205468.0
HU32,2020.0,865146.0
HU33,2020.0,736164.0
IE04,2020.0,1878000.0
IE05,2020.0,3176000.0
IE06,2020.0,1282000.0
IS00,2020.0,745213.0
ITC1,2020.0,2433630.0
ITC2,2020.0,981015.0
ITC3,2020.0,3818101.0
ITC4,2020.0,5713813.0
ITF1,2020.0,2491851.0
ITF2,2020.0,172607.0
ITF3,2020.0,4607572.0
ITF4,2020.0,4805510.0
ITF5,2020.0,920037.0
ITF6,2020.0,3161781.0
ITG1,2020.0,3740827.0
ITG2,2020.0,3007374.0
ITH1,2020.0,6623883.0
ITH2,2020.0,5891515.0
ITH3,2020.0,7246295.0
ITH4,2020.0,1512514.0
ITH5,2020.0,14158530.0
ITI1,2020.0,6241164.0
ITI2,2020.0,1239578.0
ITI3,2020.0,2735700.0
ITI4,2020.0,4131175.0
LI00,2020.0,2325.0
LT01,2020.0,299119.0
LT02,2020.0,1235897.0
LU00,2020.0,205765.0
LV00,2020.0,877630.0
MK00,2020.0,470419.0
MT00,2020.0,545396.0
NL11,2020.0,546777.0
NL12,2020.0,1171865.0
NL13,2020.0,699408.0
NL21,2020.0,1279425.0
NL22,2020.0,2367805.0
NL23,2020.0,180443.0
NL31,2020.0,1121356.0
NL32,2020.0,3964780.0
NL33,2020.0,2564117.0
NL34,2020.0,773627.0
NL41,2020.0,1667015.0
NL42,2020.0,2107889.0
NO02,2020.0,1179228.0
NO06,2020.0,1288279.0
NO07,2020.0,1539092.0
NO08,2020.0,3529401.0
NO09,2020.0,1615238.0
NO0A,2020.0,3502398.0
NO0B,2020.0,47020.0
PL21,2020.0,3326216.0
PL22,2020.0,1825806.0
PL41,2020.0,1193047.0
PL42,2020.0,2026089.0
PL43,2020.0,418709.0
PL51,2020.0,3198820.0
PL52,2020.0,268422.0
PL61,2020.0,911898.0
PL62,2020.0,1404018.0
PL63,2020.0,2700845.0
PL71,2020.0,817674.0
PL72,2020.0,595447.0
PL81,2020.0,777119.0
PL82,2020.0,864542.0
PL84,2020.0,470578.0
PL91,2020.0,1984741.0
PL92,2020.0,528908.0
PT11,2020.0,2164701.0
PT15,2020.0,3543657.0
PT16,2020.0,2020533.0
PT17,2020.0,1621786.0
PT18,2020.0,967195.0
PT20,2020.0,385583.0
PT30,2020.0,468842.0
RO11,2020.0,1117462.0
RO12,2020.0,1948183.0
RO21,2020.0,752379.0
RO22,2020.0,3553363.0
RO31,2020.0,807472.0
RO32,2020.0,608851.0
RO41,2020.0,869233.0
RO42,2020.0,732306.0
RS11,2020.0,217386.0
RS12,2020.0,384281.0
RS21,2020.0,1464614.0
RS22,2020.0,523819.0
SE11,2020.0,4603646.0
SE12,2020.0,2501830.0
SE21,2020.0,1722520.0
SE22,2020.0,2609432.0
SE23,2020.0,3677051.0
SE31,2020.0,1766543.0
SE32,2020.0,1163542.0
SE33,2020.0,1250953.0
SI03,2020.0,1379988.0
SI04,2020.0,1235807.0
SK01,2020.0,350825.0
SK02,2020.0,951281.0
SK03,2020.0,1944136.0
SK04,2020.0,1393334.0
TR10,2020.0,5430383.0
TR21,2020.0,1039530.0
TR22,2020.0,3032640.0
TR31,2020.0,2625825.0
TR32,2020.0,5631048.0
TR33,2020.0,2397819.0
TR41,2020.0,2332408.0
TR42,2020.0,2777152.0
TR51,2020.0,2339766.0
TR52,2020.0,1112831.0
TR61,2020.0,9104418.0
TR62,2020.0,2824538.0
TR63,2020.0,1342192.0
TR71,2020.0,1485128.0
TR72,2020.0,1148349.0
TR81,2020.0,718646.0
TR82,2020.0,611424.0
TR83,2020.0,1134215.0
TR90,2020.0,1576597.0
TRA1,2020.0,950976.0
TRA2,2020.0,618444.0
TRB1,2020.0,898949.0
TRB2,2020.0,922566.0
TRC1,2020.0,1005816.0
TRC2,2020.0,1097435.0
TRC3,2020.0,764903.0
AL01,2021.0,206227.0
AL02,2021.0,245447.0
AL03,2021.0,624934.0
AT11,2021.0,1166915.0
AT12,2021.0,2171358.0
AT13,2021.0,1226876.0
AT21,2021.0,2686237.0
AT22,2021.0,3670647.0
AT31,2021.0,2029757.0
AT32,2021.0,2631956.0
AT33,2021.0,2104747.0
AT34,2021.0,477358.0
BE10,2021.0,720653.0
BE21,2021.0,674724.0
BE22,2021.0,423606.0
BE23,2021.0,424354.0
BE24,2021.0,327450.0
BE25,2021.0,2136502.0
BE31,2021.0,184557.0
BE32,2021.0,348936.0
BE33,2021.0,626405.0
BE34,2021.0,416790.0
BE35,2021.0,275176.0
BG31,2021.0,403495.0
BG32,2021.0,453863.0
BG33,2021.0,1230447.0
BG34,2021.0,2554374.0
BG41,2021.0,1674459.0
BG42,2021.0,1754557.0
CH01,2021.0,4702094.0
CH02,2021.0,3918497.0
CH03,2021.0,885633.0
CH04,2021.0,1338876.0
CH05,2021.0,5515773.0
CH06,2021.0,2204364.0
CH07,2021.0,2433797.0
CY00,2021.0,1547845.0
CZ01,2021.0,1683418.0
CZ02,2021.0,1165829.0
CZ03,2021.0,2344083.0
CZ04,2021.0,2214368.0
CZ05,2021.0,3235221.0
CZ06,2021.0,2360780.0
CZ07,2021.0,1954771.0
CZ08,2021.0,976340.0
DE11,2021.0,4297336.0
DE12,2021.0,4017549.0
DE13,2021.0,5839124.0
DE14,2021.0,2996210.0
DE21,2021.0,14314424.0
DE22,2021.0,4226678.0
DE23,2021.0,2107508.0
DE24,2021.0,2097726.0
DE25,2021.0,2757808.0
DE26,2021.0,2501289.0
DE27,2021.0,5568968.0
DE30,2021.0,8353125.0
DE40,2021.0,4331294.0
DE50,2021.0,1251496.0
DE60,2021.0,5605261.0
DE71,2021.0,5938555.0
DE72,2021.0,805828.0
DE73,2021.0,2541783.0
DE80,2021.0,9149559.0
DE91,2021.0,2328911.0
DE92,2021.0,2332833.0
DE93,2021.0,2738883.0
DE94,2021.0,4869035.0
DEA1,2021.0,3902391.0
DEA2,2021.0,4411760.0
DEA3,2021.0,1801846.0
DEA4,2021.0,1610784.0
DEA5,2021.0,2748894.0
DEB1,2021.0,2569163.0
DEB2,2021.0,1410708.0
DEB3,2021.0,2483451.0
DEC0,2021.0,709491.0
DED2,2021.0,3435421.0
DED4,2021.0,1566366.0
DED5,2021.0,1939559.0
DEE0,2021.0,3257361.0
DEF0,2021.0,7638733.0
DEG0,2021.0,3685162.0
DK01,2021.0,3771263.0
DK02,2021.0,597139.0
DK03,2021.0,2162910.0
DK04,2021.0,1545015.0
DK05,2021.0,957684.0
EA19,2021.0,561580752.0
EE00,2021.0,1923169.0
EL30,2021.0,1608025.0
EL41,2021.0,327640.0
EL42,2021.0,1206721.0
EL43,2021.0,799484.0
EL51,2021.0,523553.0
EL52,2021.0,1574495.0
EL53,2021.0,145642.0
EL54,2021.0,526341.0
EL61,2021.0,867520.0
EL62,2021.0,589732.0
EL63,2021.0,582461.0
EL64,2021.0,675568.0
EL65,2021.0,1346893.0
ES11,2021.0,5627399.0
ES12,2021.0,2522439.0
ES13,2021.0,1776342.0
ES21,2021.0,2913057.0
ES22,2021.0,1101697.0
ES23,2021.0,532633.0
ES24,2021.0,3193996.0
ES30,2021.0,7796138.0
ES41,2021.0,4663325.0
ES42,2021.0,2330439.0
ES43,2021.0,1525767.0
ES51,2021.0,12922137.0
ES52,2021.0,10914239.0
ES53,2021.0,3938683.0
ES61,2021.0,20393500.0
ES62,2021.0,1527154.0
ES63,2021.0,89844.0
ES64,2021.0,76463.0
ES70,2021.0,6854665.0
FI19,2021.0,2751377.0
FI1B,2021.0,2431336.0
FI1C,2021.0,1997537.0
FI1D,2021.0,4254794.0
FI20,2021.0,140169.0
FR10,2021.0,25362899.0
FRB0,2021.0,3618102.0
FRC1,2021.0,2684442.0
FRC2,2021.0,1117994.0
FRD1,2021.0,2946496.0
FRD2,2021.0,1743765.0
FRE1,2021.0,3411298.0
FRE2,2021.0,1559456.0
FRF1,2021.0,3300012.0
FRF2,2021.0,1548832.0
FRF3,2021.0,2155453.0
FRG0,2021.0,4753089.0
FRH0,2021.0,5127515.0
FRI1,2021.0,6172172.0
FRI2,2021.0,854850.0
FRI3,2021.0,3313611.0
FRJ1,2021.0,5191680.0
FRJ2,2021.0,4349842.0
FRK1,2021.0,2372720.0
FRK2,2021.0,11458908.0
FRL0,2021.0,12773070.0
FRM0,2021.0,2148287.0
FRY1,2021.0,610899.0
FRY2,2021.0,641566.0
FRY3,2021.0,221068.0
FRY4,2021.0,948501.0
FRY5,2021.0,62614.0
HR02,2021.0,151697.0
HR03,2021.0,2175185.0
HR05,2021.0,189836.0
HR06,2021.0,283497.0
HU11,2021.0,756015.0
HU12,2021.0,490622.0
HU21,2021.0,1168443.0
HU22,2021.0,2084622.0
HU23,2021.0,1185749.0
HU31,2021.0,1216238.0
HU32,2021.0,978161.0
HU33,2021.0,820660.0
IE04,2021.0,1231000.0
IE05,2021.0,2413000.0
IE06,2021.0,1086000.0
IS00,2021.0,1097410.0
ITC1,2021.0,3475510.0
ITC2,2021.0,990142.0
ITC3,2021.0,4738358.0
ITC4,2021.0,8975143.0
ITF1,2021.0,3015888.0
ITF2,2021.0,241431.0
ITF3,2021.0,6264845.0
ITF4,2021.0,6363116.0
ITF5,2021.0,1188013.0
ITF6,2021.0,4285845.0
ITG1,2021.0,5174801.0
ITG2,2021.0,4672801.0
ITH1,2021.0,6771351.0
ITH2,2021.0,5885413.0
ITH3,2021.0,10121694.0
ITH4,2021.0,1881687.0
ITH5,2021.0,19285716.0
ITI1,2021.0,8482218.0
ITI2,2021.0,1852660.0
ITI3,2021.0,3616160.0
ITI4,2021.0,5713980.0
LI00,2021.0,4326.0
LT01,2021.0,481485.0
LT02,2021.0,1362853.0
LU00,2021.0,222089.0
LV00,2021.0,977639.0
MK00,2021.0,469953.0
MT00,2021.0,670628.0
NL11,2021.0,491424.0
NL12,2021.0,1464587.0
NL13,2021.0,696267.0
NL21,2021.0,1428281.0
NL22,2021.0,2740620.0
NL23,2021.0,269042.0
NL31,2021.0,1329132.0
NL32,2021.0,4552147.0
NL33,2021.0,3388909.0
NL34,2021.0,1032875.0
NL41,2021.0,2217382.0
NL42,2021.0,2209786.0
NO02,2021.0,1405100.0
NO06,2021.0,1440784.0
NO07,2021.0,1801635.0
NO08,2021.0,4054401.0
NO09,2021.0,1800822.0
NO0A,2021.0,3993419.0
NO0B,2021.0,67132.0
PL21,2021.0,4549407.0
PL22,2021.0,2278279.0
PL41,2021.0,1592920.0
PL42,2021.0,2379163.0
PL43,2021.0,545549.0
PL51,2021.0,3855871.0
PL52,2021.0,294785.0
PL61,2021.0,1175202.0
PL62,2021.0,1493630.0
PL63,2021.0,3403729.0
PL71,2021.0,993653.0
PL72,2021.0,790837.0
PL81,2021.0,931780.0
PL82,2021.0,915375.0
PL84,2021.0,632315.0
PL91,2021.0,2902954.0
PL92,2021.0,662738.0
PT11,2021.0,2680341.0
PT15,2021.0,4810190.0
PT16,2021.0,2469973.0
PT17,2021.0,2141091.0
PT18,2021.0,1117363.0
PT20,2021.0,785436.0
PT30,2021.0,989409.0
RO11,2021.0,1983038.0
RO12,2021.0,3147307.0
RO21,2021.0,1342762.0
RO22,2021.0,5386740.0
RO31,2021.0,1190721.0
RO32,2021.0,1145246.0
RO41,2021.0,1270241.0
RO42,2021.0,1063614.0
RS11,2021.0,296851.0
RS12,2021.0,535139.0
RS21,2021.0,1701728.0
RS22,2021.0,663219.0
SE11,2021.0,6462857.0
SE12,2021.0,3156585.0
SE21,2021.0,2196882.0
SE22,2021.0,3130585.0
SE23,2021.0,4903139.0
SE31,2021.0,2100423.0
SE32,2021.0,1520259.0
SE33,2021.0,1594118.0
SI03,2021.0,1671456.0
SI04,2021.0,1459479.0
SK01,2021.0,349978.0
SK02,2021.0,1017689.0
SK03,2021.0,1685814.0
SK04,2021.0,1303980.0
TR10,2021.0,8174774.0
TR21,2021.0,1577289.0
TR22,2021.0,4252371.0
TR31,2021.0,4125654.0
TR32,2021.0,9508431.0
TR33,2021.0,3645869.0
TR41,2021.0,3118487.0
TR42,2021.0,3868666.0
TR51,2021.0,3441866.0
TR52,2021.0,1598261.0
TR61,2021.0,14457844.0
TR62,2021.0,3974211.0
TR63,2021.0,1875894.0
TR71,2021.0,2784528.0
TR72,2021.0,1545347.0
TR81,2021.0,1036539.0
TR82,2021.0,919317.0
TR83,2021.0,1519832.0
TR90,2021.0,2503948.0
TRA1,2021.0,1213943.0
TRA2,2021.0,759956.0
TRB1,2021.0,1123153.0
TRB2,2021.0,1269381.0
TRC1,2021.0,1527991.0
TRC2,2021.0,1563809.0
TRC3,2021.0,1131696.0
AL01,2022.0,261012.0
AL02,2022.0,372722.0
AL03,2022.0,604128.0
AT11,2022.0,1437493.0
AT12,2022.0,2799336.0
AT13,2022.0,2422142.0
AT21,2022.0,3032996.0
AT22,2022.0,5052694.0
AT31,2022.0,2765348.0
AT32,2022.0,3991887.0
AT33,2022.0,2882171.0
AT34,2022.0,727294.0
BE10,2022.0,1471226.0
BE21,2022.0,967404.0
BE22,2022.0,460076.0
BE23,2022.0,592186.0
BE24,2022.0,665395.0
BE25,2022.0,2242107.0
BE31,2022.0,273400.0
BE32,2022.0,396924.0
BE33,2022.0,645839.0
BE34,2022.0,408709.0
BE35,2022.0,297664.0
BG31,2022.0,476771.0
BG32,2022.0,524432.0
BG33,2022.0,1272327.0
BG34,2022.0,2856454.0
BG41,2022.0,2101594.0
BG42,2022.0,2328611.0
CH01,2022.0,4930768.0
CH02,2022.0,3862874.0
CH03,2022.0,1105245.0
CH04,2022.0,2116484.0
CH05,2022.0,5188707.0
CH06,2022.0,2156619.0
CH07,2022.0,1735289.0
CY00,2022.0,1308002.0
CZ01,2022.0,2359364.0
CZ02,2022.0,1583590.0
CZ03,2022.0,2950153.0
CZ04,2022.0,2514444.0
CZ05,2022.0,4770183.0
CZ06,2022.0,3036639.0
CZ07,2022.0,2698617.0
CZ08,2022.0,1618131.0
DE11,2022.0,7080463.0
DE12,2022.0,6060011.0
DE13,2022.0,7776260.0
DE14,2022.0,4050125.0
DE21,2022.0,21779605.0
DE22,2022.0,6160935.0
DE23,2022.0,3009410.0
DE24,2022.0,3029097.0
DE25,2022.0,4481776.0
DE26,2022.0,3574344.0
DE27,2022.0,7660690.0
DE30,2022.0,13859684.0
DE40,2022.0,6051964.0
DE50,2022.0,1922804.0
DE60,2022.0,10492942.0
DE71,2022.0,10391895.0
DE72,2022.0,1186554.0
DE73,2022.0,3785929.0
DE80,2022.0,11918189.0
DE91,2022.0,3393082.0
DE92,2022.0,3563613.0
DE93,2022.0,3686751.0
DE94,2022.0,6399394.0
DEA1,2022.0,7091472.0
DEA2,2022.0,7214787.0
DEA3,2022.0,2456727.0
DEA4,2022.0,2422595.0
DEA5,2022.0,4216937.0
DEB1,2022.0,3543425.0
DEB2,2022.0,1978481.0
DEB3,2022.0,3653969.0
DEC0,2022.0,1094043.0
DED2,2022.0,5183225.0
DED4,2022.0,2399665.0
DED5,2022.0,3099435.0
DEE0,2022.0,4438710.0
DEF0,2022.0,9493610.0
DEG0,2022.0,5081015.0
DK01,2022.0,5328646.0
DK02,2022.0,689034.0
DK03,2022.0,2634387.0
DK04,2022.0,1900859.0
DK05,2022.0,1085293.0
EA19,2022.0,748574219.0
EA20,2022.0,751880023.0
EE00,2022.0,2153083.0
EL30,2022.0,2372822.0
EL41,2022.0,449159.0
EL42,2022.0,1643699.0
EL43,2022.0,1190635.0
EL51,2022.0,725078.0
EL52,2022.0,2289238.0
EL53,2022.0,213787.0
EL54,2022.0,829214.0
EL61,2022.0,1118731.0
EL62,2022.0,771517.0
EL63,2022.0,879852.0
EL64,2022.0,1057615.0
EL65,2022.0,1712165.0
ES11,2022.0,6966061.0
ES12,2022.0,3065813.0
ES13,2022.0,2257287.0
ES21,2022.0,3606749.0
ES22,2022.0,1381340.0
ES23,2022.0,733888.0
ES24,2022.0,4358591.0
ES30,2022.0,10982123.0
ES41,2022.0,6306517.0
ES42,2022.0,3155962.0
ES43,2022.0,2130103.0
ES51,2022.0,17189040.0
ES52,2022.0,14931894.0
ES53,2022.0,5430690.0
ES61,2022.0,25875656.0
ES62,2022.0,2187763.0
ES63,2022.0,107476.0
ES64,2022.0,94141.0
ES70,2022.0,9276500.0
FI19,2022.0,3268437.0
FI1B,2022.0,3511031.0
FI1C,2022.0,2405024.0
FI1D,2022.0,4283758.0
FI20,2022.0,160278.0
FR10,2022.0,30320023.0
FRB0,2022.0,4864019.0
FRC1,2022.0,3506643.0
FRC2,2022.0,1495394.0
FRD1,2022.0,3869490.0
FRD2,2022.0,2416738.0
FRE1,2022.0,4867194.0
FRE2,2022.0,2232438.0
FRF1,2022.0,4131118.0
FRF2,2022.0,2079416.0
FRF3,2022.0,2970523.0
FRG0,2022.0,6515905.0
FRH0,2022.0,6802826.0
FRI1,2022.0,7847042.0
FRI2,2022.0,1151277.0
FRI3,2022.0,4472934.0
FRJ1,2022.0,6631739.0
FRJ2,2022.0,5606514.0
FRK1,2022.0,2996695.0
FRK2,2022.0,15528942.0
FRL0,2022.0,15792096.0
FRM0,2022.0,2401097.0
FRY1,2022.0,1035830.0
FRY2,2022.0,1021099.0
FRY3,2022.0,355611.0
FRY4,2022.0,1493738.0
FRY5,2022.0,85595.0
HR02,2022.0,191162.0
HR03,2022.0,2548689.0
HR05,2022.0,262640.0
HR06,2022.0,303313.0
HU11,2022.0,1226530.0
HU12,2022.0,795453.0
HU21,2022.0,1654771.0
HU22,2022.0,2943250.0
HU23,2022.0,1590928.0
HU31,2022.0,1688209.0
HU32,2022.0,1295130.0
HU33,2022.0,1087028.0
IE04,2022.0,3006000.0
IE05,2022.0,4646000.0
IE06,2022.0,2338000.0
IS00,2022.0,1205543.0
ITC1,2022.0,4511183.0
ITC2,2022.0,1449763.0
ITC3,2022.0,5320108.0
ITC4,2022.0,11377255.0
ITF1,2022.0,3601603.0
ITF2,2022.0,227821.0
ITF3,2022.0,7634218.0
ITF4,2022.0,6454193.0
ITF5,2022.0,1409280.0
ITF6,2022.0,4771761.0
ITG1,2022.0,5977052.0
ITG2,2022.0,5514486.0
ITH1,2022.0,8156878.0
ITH2,2022.0,8062867.0
ITH3,2022.0,10888912.0
ITH4,2022.0,2133491.0
ITH5,2022.0,21521083.0
ITI1,2022.0,9330483.0
ITI2,2022.0,2248614.0
ITI3,2022.0,3984749.0
ITI4,2022.0,10549172.0
LI00,2022.0,2528.0
LT01,2022.0,650636.0
LT02,2022.0,1795567.0
LU00,2022.0,275663.0
LV00,2022.0,1150122.0
ME00,2022.0,344600.0
MK00,2022.0,489260.0
MT00,2022.0,660804.0
NL11,2022.0,651218.0
NL12,2022.0,1649192.0
NL13,2022.0,1046734.0
NL21,2022.0,1583385.0
NL22,2022.0,3049498.0
NL23,2022.0,383796.0
NL31,2022.0,1793244.0
NL32,2022.0,6946257.0
NL33,2022.0,4554183.0
NL34,2022.0,941177.0
NL41,2022.0,3156629.0
NL42,2022.0,2681315.0
NO02,2022.0,1513136.0
NO06,2022.0,1718596.0
NO07,2022.0,2034370.0
NO08,2022.0,6384656.0
NO09,2022.0,2047681.0
NO0A,2022.0,4647753.0
NO0B,2022.0,85824.0
PL21,2022.0,6477264.0
PL22,2022.0,3613962.0
PL41,2022.0,2344334.0
PL42,2022.0,3099997.0
PL43,2022.0,681166.0
PL51,2022.0,5743078.0
PL52,2022.0,428512.0
PL61,2022.0,1746977.0
PL62,2022.0,1857830.0
PL63,2022.0,4480318.0
PL71,2022.0,1677738.0
PL72,2022.0,1046128.0
PL81,2022.0,1345730.0
PL82,2022.0,1332005.0
PL84,2022.0,735829.0
PL91,2022.0,5391376.0
PL92,2022.0,979608.0
PT11,2022.0,3704532.0
PT15,2022.0,4523164.0
PT16,2022.0,3292328.0
PT17,2022.0,3349586.0
PT18,2022.0,1300083.0
PT20,2022.0,917133.0
PT30,2022.0,1339116.0
RO11,2022.0,2423601.0
RO12,2022.0,3765191.0
RO21,2022.0,1688102.0
RO22,2022.0,5009757.0
RO31,2022.0,1455264.0
RO32,2022.0,1688938.0
RO41,2022.0,1485227.0
RO42,2022.0,1244797.0
RS11,2022.0,285395.0
RS12,2022.0,374173.0
RS21,2022.0,1457768.0
RS22,2022.0,613363.0
SE11,2022.0,9192266.0
SE12,2022.0,3856992.0
SE21,2022.0,2499971.0
SE22,2022.0,3747548.0
SE23,2022.0,6033382.0
SE31,2022.0,2441796.0
SE32,2022.0,1628998.0
SE33,2022.0,1873494.0
SI03,2022.0,1496349.0
SI04,2022.0,1244249.0
SK01,2022.0,601769.0
SK02,2022.0,1318063.0
SK03,2022.0,2407453.0
SK04,2022.0,1894568.0
TR10,2022.0,10313819.0
TR21,2022.0,1628532.0
TR22,2022.0,4706346.0
TR31,2022.0,4745721.0
TR32,2022.0,10055916.0
TR33,2022.0,3901581.0
TR41,2022.0,4163474.0
TR42,2022.0,4590781.0
TR51,2022.0,4543337.0
TR52,2022.0,1711990.0
TR61,2022.0,14789223.0
TR62,2022.0,4409260.0
TR63,2022.0,2107176.0
TR71,2022.0,2800534.0
TR72,2022.0,1667351.0
TR81,2022.0,1165777.0
TR82,2022.0,1009598.0
TR83,2022.0,2273580.0
TR90,2022.0,2929817.0
TRA1,2022.0,1482972.0
TRA2,2022.0,827482.0
TRB1,2022.0,1249466.0
TRB2,2022.0,1186842.0
TRC1,2022.0,1969940.0
TRC2,2022.0,1939632.0
TRC3,2022.0,1381212.0
AL01,2023.0,467356.0
AL02,2023.0,514057.0
AL03,2023.0,961626.0
AT11,2023.0,1418992.0
AT12,2023.0,2967582.0
AT13,2023.0,2772649.0
AT21,2023.0,2914438.0
AT22,2023.0,5011759.0
AT31,2023.0,2871778.0
AT32,2023.0,3973393.0
AT33,2023.0,2891267.0
AT34,2023.0,765972.0
BE10,2023.0,1588099.0
BE21,2023.0,990171.0
BE22,2023.0,430477.0
BE23,2023.0,584994.0
BE24,2023.0,714622.0
BE25,2023.0,2078078.0
BE31,2023.0,266799.0
BE32,2023.0,360979.0
BE33,2023.0,630255.0
BE34,2023.0,375723.0
BE35,2023.0,277413.0
BG31,2023.0,495294.0
BG32,2023.0,522275.0
BG33,2023.0,1287233.0
BG34,2023.0,3056701.0
BG41,2023.0,2370296.0
BG42,2023.0,2599877.0
CH01,2023.0,4993813.0
CH02,2023.0,3816458.0
CH03,2023.0,1172130.0
CH04,2023.0,2268553.0
CH05,2023.0,4971858.0
CH06,2023.0,2094788.0
CH07,2023.0,1553739.0
CY00,2023.0,1204822.0
CZ01,2023.0,2428827.0
CZ02,2023.0,1758451.0
CZ03,2023.0,3030359.0
CZ04,2023.0,2561996.0
CZ05,2023.0,4656586.0
CZ06,2023.0,2995293.0
CZ07,2023.0,2610402.0
CZ08,2023.0,1595347.0
DE11,2023.0,8062372.0
DE12,2023.0,6823663.0
DE13,2023.0,8108521.0
DE14,2023.0,4320328.0
DE21,2023.0,23090882.0
DE22,2023.0,6274601.0
DE23,2023.0,3197689.0
DE24,2023.0,3244099.0
DE25,2023.0,4891565.0
DE26,2023.0,3879385.0
DE27,2023.0,7741780.0
DE30,2023.0,14707787.0
DE40,2023.0,6378999.0
DE50,2023.0,2068131.0
DE60,2023.0,11168829.0
DE71,2023.0,12055612.0
DE72,2023.0,1296259.0
DE73,2023.0,4046121.0
DE80,2023.0,12029243.0
DE91,2023.0,3692132.0
DE92,2023.0,3894173.0
DE93,2023.0,3818669.0
DE94,2023.0,6533153.0
DEA1,2023.0,8117249.0
DEA2,2023.0,7967259.0
DEA3,2023.0,2646959.0
DEA4,2023.0,2605766.0
DEA5,2023.0,4690786.0
DEB1,2023.0,3724596.0
DEB2,2023.0,2022469.0
DEB3,2023.0,3928818.0
DEC0,2023.0,1143891.0
DED2,2023.0,5731006.0
DED4,2023.0,2531707.0
DED5,2023.0,3407197.0
DEE0,2023.0,4658456.0
DEF0,2023.0,9780253.0
DEG0,2023.0,5591052.0
DK01,2023.0,5466926.0
DK02,2023.0,640143.0
DK03,2023.0,2521852.0
DK04,2023.0,1835097.0
DK05,2023.0,1066693.0
EA20,2023.0,771161776.0
EE00,2023.0,2109068.0
EL30,2023.0,2754550.0
EL41,2023.0,509527.0
EL42,2023.0,1827779.0
EL43,2023.0,1341093.0
EL51,2023.0,780080.0
EL52,2023.0,2648999.0
EL53,2023.0,252331.0
EL54,2023.0,970366.0
EL61,2023.0,1231517.0
EL62,2023.0,876675.0
EL63,2023.0,999656.0
EL64,2023.0,1191869.0
EL65,2023.0,1966991.0
ES11,2023.0,6952643.0
ES12,2023.0,3262839.0
ES13,2023.0,2322283.0
ES21,2023.0,3778113.0
ES22,2023.0,1433254.0
ES23,2023.0,781558.0
ES24,2023.0,4466351.0
ES30,2023.0,11706679.0
ES41,2023.0,6702777.0
ES42,2023.0,3254379.0
ES43,2023.0,2179237.0
ES51,2023.0,17279556.0
ES52,2023.0,14856537.0
ES53,2023.0,5498529.0
ES61,2023.0,25559395.0
ES62,2023.0,2362068.0
ES63,2023.0,101837.0
ES64,2023.0,106510.0
ES70,2023.0,9120321.0
FI19,2023.0,3369409.0
FI1B,2023.0,3630422.0
FI1C,2023.0,2454130.0
FI1D,2023.0,4330270.0
FI20,2023.0,149280.0
FR10,2023.0,30272734.0
FRB0,2023.0,4903831.0
FRC1,2023.0,3512485.0
FRC2,2023.0,1521407.0
FRD1,2023.0,3690362.0
FRD2,2023.0,2352677.0
FRE1,2023.0,4765115.0
FRE2,2023.0,2274372.0
FRF1,2023.0,4207361.0
FRF2,2023.0,2144989.0
FRF3,2023.0,2911198.0
FRG0,2023.0,6399892.0
FRH0,2023.0,6671329.0
FRI1,2023.0,7718498.0
FRI2,2023.0,1106970.0
FRI3,2023.0,4314049.0
FRJ1,2023.0,6363490.0
FRJ2,2023.0,5620815.0
FRK1,2023.0,3043524.0
FRK2,2023.0,15015952.0
FRL0,2023.0,15267110.0
FRM0,2023.0,2174910.0
FRY1,2023.0,1110703.0
FRY2,2023.0,1081029.0
FRY3,2023.0,382911.0
FRY4,2023.0,1423882.0
FRY5,2023.0,153119.0
HR02,2023.0,205154.0
HR03,2023.0,2685709.0
HR05,2023.0,296951.0
HR06,2023.0,309945.0
HU11,2023.0,1258594.0
HU12,2023.0,789417.0
HU21,2023.0,1571513.0
HU22,2023.0,2696494.0
HU23,2023.0,1401343.0
HU31,2023.0,1767114.0
HU32,2023.0,1212276.0
HU33,2023.0,1051335.0
IE04,2023.0,2710997.0
IE05,2023.0,4764995.0
IE06,2023.0,2746001.0
IS00,2023.0,1227838.0
ITC1,2023.0,4478318.0
ITC2,2023.0,1556760.0
ITC3,2023.0,5246896.0
ITC4,2023.0,10822760.0
ITF1,2023.0,3736078.0
ITF2,2023.0,257369.0
ITF3,2023.0,8316897.0
ITF4,2023.0,6413131.0
ITF5,2023.0,1496082.0
ITF6,2023.0,5278732.0
ITG1,2023.0,6185372.0
ITG2,2023.0,5075668.0
ITH1,2023.0,7946121.0
ITH2,2023.0,8250561.0
ITH3,2023.0,10756763.0
ITH4,2023.0,2246055.0
ITH5,2023.0,21173214.0
ITI1,2023.0,9154775.0
ITI2,2023.0,2385014.0
ITI3,2023.0,4113119.0
ITI4,2023.0,11227833.0
LI00,2023.0,3322.0
LT01,2023.0,626301.0
LT02,2023.0,1796828.0
LU00,2023.0,275176.0
LV00,2023.0,1126403.0
ME00,2023.0,412260.0
MK00,2023.0,481657.0
MT00,2023.0,685300.0
NL11,2023.0,651205.0
NL12,2023.0,1594685.0
NL13,2023.0,948196.0
NL21,2023.0,1852229.0
NL22,2023.0,3146784.0
NL23,2023.0,479906.0
NL31,2023.0,1754386.0
NL32,2023.0,7563502.0
NL33,2023.0,4505189.0
NL34,2023.0,983435.0
NL35,2023.0,1754386.0
NL36,2023.0,4505189.0
NL41,2023.0,2684361.0
NL42,2023.0,2572661.0
NO02,2023.0,1432665.0
NO06,2023.0,1827895.0
NO07,2023.0,2049130.0
NO08,2023.0,6568994.0
NO09,2023.0,2011462.0
NO0A,2023.0,4673663.0
NO0B,2023.0,72045.0
PL21,2023.0,6265112.0
PL22,2023.0,3634719.0
PL41,2023.0,2247657.0
PL42,2023.0,3271044.0
PL43,2023.0,642503.0
PL51,2023.0,5978792.0
PL52,2023.0,415669.0
PL61,2023.0,1750166.0
PL62,2023.0,1876323.0
PL63,2023.0,4378691.0
PL71,2023.0,1710317.0
PL72,2023.0,1056177.0
PL81,2023.0,1371427.0
PL82,2023.0,1346290.0
PL84,2023.0,716743.0
PL91,2023.0,5498820.0
PL92,2023.0,1006947.0
PT11,2023.0,3887319.0
PT15,2023.0,4123311.0
PT19,2023.0,2359798.0
PT1A,2023.0,2829581.0
PT1B,2023.0,621212.0
PT1C,2023.0,1292600.0
PT1D,2023.0,1186015.0
PT20,2023.0,894583.0
PT30,2023.0,1301102.0
RO11,2023.0,2518261.0
RO12,2023.0,3987344.0
RO21,2023.0,1731421.0
RO22,2023.0,5519882.0
RO31,2023.0,1632967.0
RO32,2023.0,1712965.0
RO41,2023.0,1691844.0
RO42,2023.0,1392823.0
RS11,2023.0,240075.0
RS12,2023.0,338140.0
RS21,2023.0,1308205.0
RS22,2023.0,600139.0
SE11,2023.0,9295592.0
SE12,2023.0,3888374.0
SE21,2023.0,2459143.0
SE22,2023.0,3820981.0
SE23,2023.0,6267449.0
SE31,2023.0,2397423.0
SE32,2023.0,1569717.0
SE33,2023.0,1919951.0
SI03,2023.0,1288124.0
SI04,2023.0,1021374.0
SK01,2023.0,698707.0
SK02,2023.0,1445451.0
SK03,2023.0,2604094.0
SK04,2023.0,2039379.0
TR10,2023.0,7371969.0
TR21,2023.0,1327476.0
TR22,2023.0,2678030.0
TR31,2023.0,3964832.0
TR32,2023.0,8116965.0
TR33,2023.0,2891793.0
TR41,2023.0,3126304.0
TR42,2023.0,3904173.0
TR51,2023.0,4889043.0
TR52,2023.0,1395372.0
TR61,2023.0,13115471.0
TR62,2023.0,3351185.0
TR63,2023.0,1306916.0
TR71,2023.0,1850099.0
TR72,2023.0,1330779.0
TR81,2023.0,858665.0
TR82,2023.0,679509.0
TR83,2023.0,1756369.0
TR90,2023.0,1907820.0
TRA1,2023.0,844909.0
TRA2,2023.0,564989.0
TRB1,2023.0,791373.0
TRB2,2023.0,688251.0
TRC1,2023.0,1395422.0
TRC2,2023.0,1288873.0
TRC3,2023.0,870556.0
AL01,2024.0,501278.0
AL02,2024.0,598752.0
AL03,2024.0,939645.0
AT11,2024.0,1495653.0
AT12,2024.0,2908476.0
AT13,2024.0,2964647.0
AT21,2024.0,2884874.0
AT22,2024.0,5009733.0
AT31,2024.0,2941592.0
AT32,2024.0,3959857.0
AT33,2024.0,2929211.0
AT34,2024.0,759321.0
BE10,2024.0,1585037.0
BE21,2024.0,1054403.0
BE22,2024.0,425059.0
BE23,2024.0,610596.0
BE24,2024.0,718643.0
BE25,2024.0,2064697.0
BE31,2024.0,261919.0
BE32,2024.0,356963.0
BE33,2024.0,604348.0
BE34,2024.0,368572.0
BE35,2024.0,283142.0
BG31,2024.0,526436.0
BG32,2024.0,513295.0
BG33,2024.0,1381343.0
BG34,2024.0,3073592.0
BG41,2024.0,2405961.0
BG42,2024.0,2705174.0
CH01,2024.0,4927556.0
CH02,2024.0,3686771.0
CH03,2024.0,1229875.0
CH04,2024.0,2471499.0
CH05,2024.0,4959351.0
CH06,2024.0,2104865.0
CH07,2024.0,1503689.0
CY00,2024.0,1348998.0
CZ01,2024.0,2368471.0
CZ02,2024.0,1707252.0
CZ03,2024.0,2979883.0
CZ04,2024.0,2482555.0
CZ05,2024.0,4498712.0
CZ06,2024.0,2953004.0
CZ07,2024.0,2468966.0
CZ08,2024.0,1562834.0
DE11,2024.0,8506325.0
DE12,2024.0,6970045.0
DE13,2024.0,8097720.0
DE14,2024.0,4299262.0
DE21,2024.0,23697557.0
DE22,2024.0,6164682.0
DE23,2024.0,3189641.0
DE24,2024.0,3210196.0
DE25,2024.0,4956865.0
DE26,2024.0,3908785.0
DE27,2024.0,7795057.0
DE30,2024.0,14791638.0
DE40,2024.0,6513851.0
DE50,2024.0,2096570.0
DE60,2024.0,11100835.0
DE71,2024.0,12538362.0
DE72,2024.0,1298752.0
DE73,2024.0,3946092.0
DE80,2024.0,12395976.0
DE91,2024.0,3750103.0
DE92,2024.0,3832496.0
DE93,2024.0,3785513.0
DE94,2024.0,6659059.0
DEA1,2024.0,7958612.0
DEA2,2024.0,8214556.0
DEA3,2024.0,2671870.0
DEA4,2024.0,2563660.0
DEA5,2024.0,4754839.0
DEB1,2024.0,3674286.0
DEB2,2024.0,1951231.0
DEB3,2024.0,3919951.0
DEC0,2024.0,1129308.0
DED2,2024.0,5929925.0
DED4,2024.0,2492164.0
DED5,2024.0,3363307.0
DEE0,2024.0,4645106.0
DEF0,2024.0,9761204.0
DEG0,2024.0,5697281.0
DK01,2024.0,5287150.0
DK02,2024.0,628592.0
DK03,2024.0,2564561.0
DK04,2024.0,1899016.0
DK05,2024.0,1072880.0
EA20,2024.0,772744087.0
EE00,2024.0,2099208.0
EL30,2024.0,2817308.0
EL41,2024.0,492003.0
EL42,2024.0,1847309.0
EL43,2024.0,1381228.0
EL51,2024.0,791611.0
EL52,2024.0,2740555.0
EL53,2024.0,258093.0
EL54,2024.0,1057472.0
EL61,2024.0,1255742.0
EL62,2024.0,923921.0
EL63,2024.0,953371.0
EL64,2024.0,1207968.0
EL65,2024.0,2108429.0
ES11,2024.0,7044716.0
ES12,2024.0,3302084.0
ES13,2024.0,2312959.0
ES21,2024.0,3861901.0
ES22,2024.0,1464915.0
ES23,2024.0,794117.0
ES24,2024.0,4578367.0
ES30,2024.0,11743531.0
ES41,2024.0,6751753.0
ES42,2024.0,3409166.0
ES43,2024.0,2244446.0
ES51,2024.0,16552687.0
ES52,2024.0,15242125.0
ES53,2024.0,5451107.0
ES61,2024.0,25272273.0
ES62,2024.0,2542467.0
ES63,2024.0,84952.0
ES64,2024.0,108123.0
ES70,2024.0,9261271.0
FI19,2024.0,3318865.0
FI1B,2024.0,3678052.0
FI1C,2024.0,2248059.0
FI1D,2024.0,3701256.0
FI20,2024.0,147612.0
FR10,2024.0,29379936.0
FRB0,2024.0,4774659.0
FRC1,2024.0,3400622.0
FRC2,2024.0,1494078.0
FRD1,2024.0,3562647.0
FRD2,2024.0,2290039.0
FRE1,2024.0,4674241.0
FRE2,2024.0,2204401.0
FRF1,2024.0,4181442.0
FRF2,2024.0,2085461.0
FRF3,2024.0,2761709.0
FRG0,2024.0,6196852.0
FRH0,2024.0,6391144.0
FRI1,2024.0,7643383.0
FRI2,2024.0,1099890.0
FRI3,2024.0,4248750.0
FRJ1,2024.0,6322596.0
FRJ2,2024.0,5554542.0
FRK1,2024.0,2938052.0
FRK2,2024.0,14652228.0
FRL0,2024.0,15132758.0
FRM0,2024.0,2334836.0
FRY1,2024.0,1100675.0
FRY2,2024.0,1032901.0
FRY3,2024.0,372425.0
FRY4,2024.0,1425316.0
FRY5,2024.0,162664.0
HR02,2024.0,205285.0
HR03,2024.0,2942897.0
HR05,2024.0,315726.0
HR06,2024.0,309176.0
HU11,2024.0,1354451.0
HU12,2024.0,766028.0
HU21,2024.0,1711222.0
HU22,2024.0,2904100.0
HU23,2024.0,1416468.0
HU31,2024.0,1783150.0
HU32,2024.0,1285409.0
HU33,2024.0,1103538.0
IE04,2024.0,3041998.0
IE05,2024.0,5005990.0
IE06,2024.0,3131999.0
ITC1,2024.0,4415741.0
ITC2,2024.0,1487060.0
ITC3,2024.0,5116139.0
ITC4,2024.0,10757790.0
ITF1,2024.0,3897693.0
ITF2,2024.0,233728.0
ITF3,2024.0,7881123.0
ITF4,2024.0,6518152.0
ITF5,2024.0,1471465.0
ITF6,2024.0,5057594.0
ITG1,2024.0,6368549.0
ITG2,2024.0,5071904.0
ITH1,2024.0,7822560.0
ITH2,2024.0,8254468.0
ITH3,2024.0,10281624.0
ITH4,2024.0,2268417.0
ITH5,2024.0,21123083.0
ITI1,2024.0,8777824.0
ITI2,2024.0,2420706.0
ITI3,2024.0,4223435.0
ITI4,2024.0,11268739.0
LI00,2024.0,4455.0
LT01,2024.0,635822.0
LT02,2024.0,2014365.0
LU00,2024.0,300377.0
LV00,2024.0,1164398.0
ME00,2024.0,423188.0
MK00,2024.0,482771.0
MT00,2024.0,713471.0
NL11,2024.0,738746.0
NL12,2024.0,1521349.0
NL13,2024.0,1156564.0
NL21,2024.0,1961547.0
NL22,2024.0,3211616.0
NL23,2024.0,461853.0
NL32,2024.0,7966092.0
NL34,2024.0,937515.0
NL35,2024.0,1812467.0
NL36,2024.0,4680417.0
NL41,2024.0,2701152.0
NL42,2024.0,2750150.0
NO02,2024.0,1361125.0
NO06,2024.0,1827862.0
NO07,2024.0,2244980.0
NO08,2024.0,6717478.0
NO09,2024.0,1968242.0
NO0A,2024.0,4907564.0
NO0B,2024.0,64969.0
PL21,2024.0,6271701.0
PL22,2024.0,3665079.0
PL41,2024.0,2348590.0
PL42,2024.0,3736863.0
PL43,2024.0,592477.0
PL51,2024.0,6316668.0
PL52,2024.0,435260.0
PL61,2024.0,1787630.0
PL62,2024.0,2027874.0
PL63,2024.0,4694194.0
PL71,2024.0,1809890.0
PL72,2024.0,1106405.0
PL81,2024.0,1366458.0
PL82,2024.0,1290833.0
PL84,2024.0,699187.0
PL91,2024.0,5918562.0
PL92,2024.0,1053694.0
PT11,2024.0,4010370.0
PT15,2024.0,4106377.0
PT19,2024.0,2564500.0
PT1A,2024.0,2880393.0
PT1B,2024.0,629320.0
PT1C,2024.0,1340020.0
PT1D,2024.0,1223706.0
PT20,2024.0,901840.0
PT30,2024.0,1220361.0
RO11,2024.0,2564447.0
RO12,2024.0,3917268.0
RO21,2024.0,1755896.0
RO22,2024.0,5896801.0
RO31,2024.0,1655417.0
RO32,2024.0,1718478.0
RO41,2024.0,1812204.0
RO42,2024.0,1414291.0
RS11,2024.0,211927.0
RS12,2024.0,305169.0
RS21,2024.0,1349314.0
RS22,2024.0,660383.0
SE11,2024.0,9033719.0
SE12,2024.0,3742031.0
SE21,2024.0,2399266.0
SE22,2024.0,3721402.0
SE23,2024.0,6004583.0
SE31,2024.0,2359329.0
SE32,2024.0,1498629.0
SE33,2024.0,1916985.0
SI03,2024.0,1305346.0
SI04,2024.0,963778.0
SK01,2024.0,672800.0
SK02,2024.0,1457943.0
SK03,2024.0,2615863.0
SK04,2024.0,2200005.0
TR10,2024.0,7821181.0
TR21,2024.0,1585608.0
TR22,2024.0,2698929.0
TR31,2024.0,4067914.0
TR32,2024.0,8936732.0
TR33,2024.0,2842196.0
TR41,2024.0,3347124.0
TR42,2024.0,4186714.0
TR51,2024.0,4747233.0
TR52,2024.0,1411107.0
TR61,2024.0,14036599.0
TR62,2024.0,3179775.0
TR63,2024.0,1470775.0
TR71,2024.0,1753671.0
TR72,2024.0,1473332.0
TR81,2024.0,814996.0
TR82,2024.0,716603.0
TR83,2024.0,1747993.0
TR90,2024.0,2075824.0
TRA1,2024.0,854611.0
TRA2,2024.0,602072.0
TRB1,2024.0,776140.0
TRB2,2024.0,785630.0
TRC1,2024.0,1482499.0
TRC2,2024.0,1505562.0
TRC3,2024.0,1083643.0
